#ifndef PACMAN_AUDIO_H
#define PACMAN_AUDIO_H

#include "../../LIB/STD_TYPES.h"

#define AUDIO_SAMPLE_RATE 4000

#define AUDIO_START_LEN 16926U
static const u8 AUDIO_START[] = {
0x80, 0x80, 0x80, 0x80, 0x80, 0x80, 0x80, 0x80, 0x80, 0x80, 0x80, 0x80, 0x80, 0x81, 0x80, 0x80, 
0x80, 0x80, 0x80, 0x80, 0x80, 0x80, 0x80, 0x80, 0x7F, 0x80, 0x80, 0x81, 0x80, 0x80, 0x7F, 0x80, 
0x80, 0x80, 0x80, 0x81, 0x81, 0x80, 0x7F, 0x7F, 0x80, 0x80, 0x81, 0x81, 0x80, 0x7F, 0x80, 0x81, 
0x80, 0x80, 0x7F, 0x80, 0x80, 0x80, 0x80, 0x81, 0x80, 0x80, 0x80, 0x80, 0x7F, 0x7E, 0x7F, 0x80, 
0x82, 0x81, 0x80, 0x7F, 0x80, 0x80, 0x81, 0x81, 0x7F, 0x80, 0x7F, 0x7F, 0x80, 0x7E, 0x80, 0x7F, 
0x7A, 0x73, 0x7F, 0x8F, 0xA1, 0x96, 0x78, 0x67, 0x5E, 0x6E, 0x8A, 0x94, 0x95, 0x85, 0x7E, 0x69, 
0x64, 0x6D, 0x87, 0x9A, 0x95, 0x8B, 0x82, 0x6F, 0x7A, 0x85, 0x98, 0x9C, 0x95, 0x82, 0x70, 0x65, 
0x73, 0x83, 0x92, 0x8A, 0x78, 0x62, 0x5C, 0x6A, 0x81, 0x92, 0x98, 0x85, 0x73, 0x63, 0x6E, 0x7F, 
0x9B, 0xA6, 0xA2, 0x89, 0x78, 0x70, 0x83, 0x8F, 0x9F, 0x96, 0x86, 0x71, 0x5E, 0x57, 0x76, 0x85, 
0x8F, 0x77, 0x60, 0x4E, 0x64, 0x91, 0xA3, 0xAC, 0x9C, 0x89, 0x79, 0x64, 0x70, 0x7F, 0x97, 0x9A, 
0x8C, 0x7B, 0x6E, 0x6A, 0x7B, 0x8C, 0x95, 0x91, 0x88, 0x76, 0x6B, 0x71, 0x80, 0x8A, 0x8C, 0x7F, 
0x71, 0x6F, 0x73, 0x7E, 0x86, 0x8A, 0x86, 0x80, 0x79, 0x78, 0x7F, 0x87, 0x90, 0x90, 0x8A, 0x7E, 
0x77, 0x7B, 0x82, 0x8C, 0x95, 0x8C, 0x82, 0x6D, 0x60, 0x6B, 0x82, 0x94, 0x8A, 0x6D, 0x5B, 0x5B, 
0x85, 0x9B, 0xA9, 0xA3, 0x8C, 0x7F, 0x69, 0x68, 0x79, 0x8C, 0x9A, 0x8F, 0x7F, 0x6E, 0x62, 0x74, 
0x85, 0x9E, 0x9A, 0x8F, 0x77, 0x5F, 0x61, 0x78, 0x8E, 0x9C, 0x89, 0x73, 0x60, 0x63, 0x70, 0x89, 
0x97, 0x97, 0x88, 0x76, 0x62, 0x75, 0x86, 0xA0, 0xA7, 0x9C, 0x81, 0x6E, 0x69, 0x7E, 0x8C, 0xA0, 
0x92, 0x84, 0x6A, 0x5C, 0x5E, 0x78, 0x8A, 0x93, 0x78, 0x62, 0x55, 0x69, 0x92, 0xA0, 0xA9, 0x9B, 
0x86, 0x71, 0x62, 0x72, 0x87, 0x9B, 0x9D, 0x8A, 0x7C, 0x69, 0x69, 0x80, 0x93, 0x9C, 0x92, 0x81, 
0x68, 0x5E, 0x6B, 0x85, 0x95, 0x93, 0x7C, 0x68, 0x5C, 0x67, 0x7C, 0x95, 0x9C, 0x8E, 0x80, 0x69, 
0x69, 0x7B, 0x94, 0xA4, 0xA4, 0x8C, 0x76, 0x6C, 0x74, 0x86, 0x96, 0x9F, 0x8B, 0x7B, 0x66, 0x58, 
0x6D, 0x82, 0x91, 0x8C, 0x6E, 0x5C, 0x55, 0x7B, 0x98, 0xA7, 0xA9, 0x8C, 0x7C, 0x67, 0x66, 0x7B, 
0x8F, 0xA0, 0x97, 0x85, 0x75, 0x5E, 0x6E, 0x80, 0x9B, 0x95, 0x87, 0x7D, 0x7B, 0x7E, 0x7C, 0x78, 
0x7D, 0x79, 0x75, 0x72, 0x7C, 0x7E, 0x81, 0x82, 0x83, 0x7D, 0x81, 0x7F, 0x85, 0x87, 0x8F, 0x8F, 
0x8E, 0x87, 0x83, 0x7F, 0x84, 0x80, 0x87, 0x7E, 0x7F, 0x7A, 0x79, 0x73, 0x76, 0x76, 0x78, 0x71, 
0x73, 0x74, 0x83, 0x96, 0x91, 0x8B, 0x83, 0x83, 0x86, 0x82, 0x81, 0x7E, 0x82, 0x7E, 0x7F, 0x89, 
0x81, 0x7C, 0x7D, 0x84, 0x86, 0x83, 0x88, 0x80, 0x7D, 0x7B, 0x7B, 0x80, 0x80, 0x7D, 0x78, 0x79, 
0x7D, 0x7B, 0x7D, 0x82, 0x80, 0x87, 0x82, 0x83, 0x83, 0x83, 0x89, 0x87, 0x89, 0x81, 0x84, 0x87, 
0x81, 0x82, 0x85, 0x81, 0x7E, 0x7B, 0x77, 0x75, 0x79, 0x7A, 0x78, 0x6C, 0x70, 0x77, 0x88, 0x92, 
0x8E, 0x90, 0x83, 0x83, 0x83, 0x87, 0x81, 0x7E, 0x83, 0x83, 0x80, 0x85, 0x7F, 0x7F, 0x7D, 0x83, 
0x85, 0x87, 0x84, 0x7F, 0x7A, 0x78, 0x7A, 0x7F, 0x7D, 0x7C, 0x79, 0x7A, 0x7C, 0x7D, 0x82, 0x80, 
0x82, 0x85, 0x7E, 0x84, 0x83, 0x87, 0x86, 0x87, 0x88, 0x85, 0x88, 0x88, 0x84, 0x83, 0x81, 0x80, 
0x81, 0x7F, 0x77, 0x78, 0x77, 0x78, 0x73, 0x6D, 0x70, 0x78, 0x8C, 0x93, 0x8E, 0x89, 0x83, 0x88, 
0x7F, 0x80, 0x81, 0x83, 0x7E, 0x80, 0x82, 0x8B, 0x7E, 0x7E, 0x80, 0x84, 0x84, 0x86, 0x81, 0x80, 
0x79, 0x7B, 0x7E, 0x80, 0x79, 0x78, 0x7C, 0x7F, 0x79, 0x81, 0x82, 0x7F, 0x80, 0x84, 0x82, 0x86, 
0x81, 0x8A, 0x86, 0x8A, 0x80, 0x84, 0x87, 0x87, 0x7C, 0x80, 0x80, 0x81, 0x81, 0x7C, 0x7A, 0x7A, 
0x7B, 0x7E, 0x76, 0x73, 0x79, 0x83, 0x8E, 0x89, 0x8B, 0x84, 0x7E, 0x84, 0x83, 0x82, 0x82, 0x7F, 
0x7E, 0x81, 0x81, 0x84, 0x7D, 0x83, 0x83, 0x84, 0x82, 0x85, 0x81, 0x80, 0x7C, 0x7F, 0x7C, 0x7C, 
0x7A, 0x7C, 0x7B, 0x81, 0x7F, 0x82, 0x7D, 0x7E, 0x82, 0x83, 0x84, 0x82, 0x83, 0x8A, 0x86, 0x82, 
0x7F, 0x85, 0x8C, 0x92, 0x73, 0x64, 0x82, 0x9C, 0x7A, 0x61, 0x8A, 0x9D, 0x69, 0x5A, 0x89, 0x95, 
0x57, 0x71, 0xBE, 0x94, 0x52, 0x84, 0xB4, 0x6D, 0x4E, 0x9F, 0xAF, 0x5C, 0x5A, 0xAE, 0xA3, 0x4F, 
0x6D, 0xBA, 0x8B, 0x3E, 0x86, 0xC7, 0x6D, 0x44, 0x9D, 0xAA, 0x51, 0x5A, 0xB0, 0x94, 0x42, 0x6D, 
0xB5, 0x7E, 0x42, 0x92, 0xC0, 0x62, 0x4A, 0xAF, 0xB4, 0x47, 0x64, 0xC8, 0x9B, 0x3B, 0x84, 0xC9, 
0x70, 0x42, 0x9D, 0xAD, 0x53, 0x5A, 0xB3, 0x8D, 0x3E, 0x73, 0xAE, 0x70, 0x41, 0x9E, 0xC0, 0x66, 
0x58, 0xB5, 0xA6, 0x3F, 0x68, 0xCA, 0x8D, 0x36, 0x86, 0xCD, 0x67, 0x37, 0xAD, 0xBA, 0x45, 0x53, 
0xC5, 0x9C, 0x3C, 0x78, 0xC3, 0x74, 0x3F, 0x9A, 0xB3, 0x52, 0x50, 0xAD, 0x9C, 0x43, 0x70, 0xC1, 
0x7F, 0x40, 0x92, 0xBC, 0x63, 0x51, 0xB0, 0xA6, 0x4E, 0x6B, 0xC2, 0x8C, 0x3E, 0x82, 0xBC, 0x67, 
0x45, 0xA3, 0xAE, 0x47, 0x55, 0xB2, 0x8D, 0x37, 0x7D, 0xD2, 0x81, 0x3F, 0x98, 0xC1, 0x5D, 0x4A, 
0xB2, 0xAD, 0x44, 0x63, 0xBD, 0x92, 0x3E, 0x83, 0xBF, 0x70, 0x41, 0xA3, 0xBA, 0x52, 0x53, 0xB8, 
0x9D, 0x3F, 0x70, 0xC2, 0x7B, 0x36, 0x92, 0xBD, 0x5A, 0x45, 0xB3, 0xAF, 0x40, 0x69, 0xCB, 0x93, 
0x37, 0x8B, 0xC9, 0x6B, 0x41, 0xAF, 0xB9, 0x4B, 0x4F, 0xBA, 0x98, 0x37, 0x6F, 0xC5, 0x77, 0x30, 
0x91, 0xB8, 0x51, 0x43, 0xBD, 0xB6, 0x45, 0x60, 0xC5, 0x94, 0x36, 0x82, 0xCA, 0x6D, 0x3C, 0xA1, 
0xBD, 0x5A, 0x4E, 0xB8, 0xA6, 0x43, 0x6B, 0xC6, 0x80, 0x36, 0x8E, 0xC2, 0x60, 0x44, 0xA8, 0xAC, 
0x45, 0x5C, 0xBE, 0x95, 0x3A, 0x7A, 0xC7, 0x75, 0x3F, 0xA3, 0xC1, 0x59, 0x4A, 0xB5, 0xAB, 0x44, 
0x65, 0xC7, 0x8D, 0x39, 0x86, 0xC8, 0x67, 0x3B, 0xA3, 0xB6, 0x47, 0x51, 0xBA, 0x99, 0x32, 0x70, 
0xD2, 0x85, 0x37, 0x8D, 0xC7, 0x67, 0x41, 0xA6, 0xB2, 0x4A, 0x57, 0xBA, 0xA5, 0x4E, 0x67, 0xA2, 
0x80, 0x60, 0x8E, 0x9B, 0x6C, 0x72, 0x9E, 0x8D, 0x69, 0x80, 0x95, 0x79, 0x6E, 0x8B, 0x8E, 0x72, 
0x73, 0x89, 0x83, 0x6F, 0x7F, 0x8E, 0x7B, 0x71, 0x8C, 0x8F, 0x74, 0x77, 0x91, 0x84, 0x74, 0x84, 
0x8E, 0x7D, 0x75, 0x84, 0x8B, 0x7B, 0x76, 0x84, 0x86, 0x76, 0x7C, 0x8B, 0x81, 0x7E, 0x89, 0x81, 
0x79, 0x7F, 0x85, 0x81, 0x7A, 0x7C, 0x81, 0x7E, 0x7B, 0x7E, 0x82, 0x80, 0x7F, 0x81, 0x83, 0x80, 
0x7E, 0x7E, 0x80, 0x81, 0x83, 0x80, 0x7D, 0x7D, 0x7D, 0x7E, 0x86, 0x88, 0x80, 0x7C, 0x82, 0x83, 
0x82, 0x81, 0x84, 0x81, 0x7A, 0x80, 0x87, 0x80, 0x7D, 0x82, 0x82, 0x7A, 0x7E, 0x85, 0x83, 0x7C, 
0x7E, 0x83, 0x81, 0x7B, 0x7F, 0x82, 0x7E, 0x81, 0x86, 0x86, 0x7C, 0x7D, 0x84, 0x81, 0x7B, 0x7F, 
0x85, 0x80, 0x7D, 0x82, 0x80, 0x7F, 0x82, 0x83, 0x82, 0x7D, 0x7C, 0x80, 0x82, 0x81, 0x7F, 0x80, 
0x80, 0x7F, 0x7F, 0x80, 0x7F, 0x7E, 0x80, 0x84, 0x83, 0x80, 0x7E, 0x81, 0x82, 0x81, 0x80, 0x7F, 
0x80, 0x80, 0x7F, 0x80, 0x82, 0x80, 0x7D, 0x81, 0x81, 0x7D, 0x82, 0x84, 0x81, 0x7E, 0x83, 0x84, 
0x81, 0x80, 0x84, 0x82, 0x7D, 0x7F, 0x81, 0x80, 0x80, 0x81, 0x81, 0x80, 0x80, 0x80, 0x81, 0x80, 
0x80, 0x80, 0x80, 0x80, 0x81, 0x80, 0x80, 0x7F, 0x80, 0x80, 0x81, 0x80, 0x7F, 0x81, 0x81, 0x81, 
0x80, 0x7E, 0x7E, 0x7F, 0x80, 0x80, 0x7F, 0x80, 0x81, 0x80, 0x81, 0x7E, 0x80, 0x80, 0x7F, 0x80, 
0x80, 0x81, 0x7F, 0x81, 0x81, 0x82, 0x81, 0x81, 0x81, 0x81, 0x7F, 0x81, 0x83, 0x81, 0x7D, 0x80, 
0x81, 0x80, 0x7F, 0x80, 0x80, 0x7F, 0x80, 0x80, 0x7F, 0x80, 0x81, 0x7F, 0x7E, 0x80, 0x81, 0x81, 
0x81, 0x81, 0x7F, 0x81, 0x83, 0x81, 0x7D, 0x80, 0x84, 0x85, 0x7E, 0x7C, 0x7F, 0x83, 0x82, 0x7F, 
0x7F, 0x81, 0x83, 0x86, 0x7A, 0x6A, 0x73, 0x96, 0xA8, 0x7E, 0x56, 0x68, 0x9D, 0xA6, 0x74, 0x50, 
0x6D, 0x9F, 0xA9, 0x76, 0x51, 0x6B, 0xA5, 0xAF, 0x77, 0x4F, 0x71, 0xAD, 0xAF, 0x6F, 0x4A, 0x74, 
0xAE, 0xA8, 0x6B, 0x4D, 0x75, 0xAD, 0xA8, 0x6B, 0x49, 0x75, 0xB0, 0xA6, 0x67, 0x4C, 0x7B, 0xB2, 
0xA2, 0x63, 0x4A, 0x7E, 0xB6, 0xA0, 0x5E, 0x4B, 0x83, 0xB9, 0x9C, 0x5A, 0x49, 0x85, 0xBB, 0x9C, 
0x53, 0x48, 0x88, 0xBF, 0x97, 0x53, 0x50, 0x90, 0xBB, 0x90, 0x52, 0x57, 0x95, 0xB8, 0x89, 0x4F, 
0x59, 0x96, 0xB8, 0x89, 0x4C, 0x57, 0x9C, 0xBD, 0x83, 0x44, 0x5B, 0xA4, 0xBE, 0x7C, 0x42, 0x60, 
0xAB, 0xBC, 0x77, 0x41, 0x67, 0xAD, 0xB7, 0x71, 0x43, 0x6C, 0xB0, 0xB2, 0x6B, 0x44, 0x74, 0xB2, 
0xAB, 0x67, 0x48, 0x77, 0xB2, 0xA8, 0x67, 0x4A, 0x7C, 0xB4, 0xA4, 0x62, 0x4A, 0x7C, 0xB3, 0xA3, 
0x64, 0x4B, 0x7B, 0xB2, 0xA0, 0x60, 0x4B, 0x81, 0xB5, 0x9E, 0x5D, 0x4C, 0x85, 0xBA, 0x9D, 0x59, 
0x4B, 0x89, 0xB9, 0x96, 0x54, 0x4F, 0x8E, 0xBA, 0x90, 0x52, 0x50, 0x91, 0xBA, 0x8F, 0x4F, 0x53, 
0x96, 0xBC, 0x88, 0x4C, 0x59, 0x9D, 0xB8, 0x81, 0x4A, 0x60, 0xA1, 0xB9, 0x7E, 0x48, 0x5F, 0xA3, 
0xBA, 0x7E, 0x47, 0x61, 0xA6, 0xBC, 0x7D, 0x45, 0x60, 0xA6, 0xB9, 0x79, 0x46, 0x66, 0xA7, 0xB4, 
0x75, 0x46, 0x68, 0xAB, 0xB4, 0x71, 0x43, 0x6C, 0xB1, 0xB0, 0x6B, 0x45, 0x73, 0xB2, 0xAF, 0x6B, 
0x44, 0x71, 0xB3, 0xB2, 0x6A, 0x41, 0x71, 0xB5, 0xB1, 0x6B, 0x43, 0x70, 0xB1, 0xAD, 0x6B, 0x45, 
0x71, 0xB3, 0xAA, 0x67, 0x45, 0x77, 0xB3, 0xA4, 0x64, 0x49, 0x7A, 0xB5, 0xA4, 0x67, 0x4C, 0x7D, 
0xB1, 0xA0, 0x66, 0x52, 0x7E, 0xB0, 0x9C, 0x60, 0x4C, 0x81, 0xB8, 0x9D, 0x59, 0x46, 0x83, 0xBB, 
0x9D, 0x5D, 0x4A, 0x83, 0xB8, 0x9B, 0x5C, 0x50, 0x88, 0xB5, 0x94, 0x5E, 0x5B, 0x83, 0x97, 0x81, 
0x72, 0x7B, 0x88, 0x8E, 0x81, 0x79, 0x79, 0x87, 0x8F, 0x7E, 0x73, 0x79, 0x89, 0x8A, 0x7B, 0x78, 
0x7C, 0x86, 0x87, 0x7E, 0x79, 0x7B, 0x80, 0x88, 0x85, 0x7E, 0x7B, 0x7F, 0x85, 0x83, 0x80, 0x80, 
0x7D, 0x7F, 0x81, 0x82, 0x7E, 0x7D, 0x81, 0x81, 0x83, 0x7F, 0x7B, 0x7D, 0x86, 0x87, 0x7B, 0x76, 
0x7F, 0x88, 0x89, 0x7D, 0x76, 0x7B, 0x88, 0x88, 0x80, 0x7A, 0x80, 0x84, 0x82, 0x7E, 0x7C, 0x7E, 
0x81, 0x83, 0x7F, 0x7E, 0x80, 0x7F, 0x81, 0x84, 0x81, 0x7D, 0x7F, 0x84, 0x85, 0x82, 0x81, 0x81, 
0x7F, 0x7E, 0x7D, 0x80, 0x82, 0x84, 0x80, 0x7D, 0x7F, 0x83, 0x88, 0x84, 0x7D, 0x7A, 0x81, 0x85, 
0x80, 0x7B, 0x7D, 0x83, 0x84, 0x80, 0x7C, 0x7F, 0x86, 0x85, 0x7E, 0x7B, 0x7D, 0x86, 0x85, 0x81, 
0x7B, 0x7E, 0x82, 0x83, 0x80, 0x7E, 0x7D, 0x80, 0x80, 0x7F, 0x81, 0x85, 0x86, 0x82, 0x7E, 0x7E, 
0x81, 0x84, 0x84, 0x81, 0x7C, 0x7D, 0x81, 0x82, 0x7F, 0x7A, 0x7D, 0x84, 0x85, 0x7D, 0x7B, 0x7F, 
0x83, 0x83, 0x83, 0x86, 0x86, 0x82, 0x7D, 0x7E, 0x81, 0x86, 0x84, 0x7C, 0x78, 0x7D, 0x83, 0x85, 
0x82, 0x7E, 0x7D, 0x83, 0x85, 0x81, 0x7D, 0x7E, 0x82, 0x84, 0x83, 0x7C, 0x7F, 0x82, 0x81, 0x7E, 
0x7E, 0x84, 0x85, 0x82, 0x7E, 0x7C, 0x80, 0x87, 0x87, 0x7A, 0x77, 0x7E, 0x86, 0x85, 0x81, 0x82, 
0x80, 0x7F, 0x82, 0x85, 0x82, 0x7F, 0x7D, 0x80, 0x82, 0x80, 0x7E, 0x7F, 0x82, 0x81, 0x7C, 0x7F, 
0x83, 0x83, 0x7F, 0x7E, 0x80, 0x84, 0x81, 0x7E, 0x7F, 0x84, 0x82, 0x7C, 0x7F, 0x82, 0x84, 0x83, 
0x82, 0x80, 0x7E, 0x81, 0x85, 0x80, 0x80, 0x83, 0x80, 0x7C, 0x80, 0x83, 0x84, 0x7C, 0x7B, 0x7E, 
0x84, 0x80, 0x7F, 0x7D, 0x7F, 0x7E, 0x7D, 0x84, 0x86, 0x81, 0x7E, 0x7F, 0x84, 0x84, 0x80, 0x7C, 
0x7E, 0x83, 0x83, 0x7B, 0x74, 0x76, 0x89, 0x94, 0x90, 0x78, 0x6A, 0x79, 0x96, 0xA2, 0x8E, 0x6C, 
0x49, 0x52, 0x87, 0xB4, 0xA1, 0x68, 0x4D, 0x72, 0xA0, 0xAA, 0x89, 0x68, 0x5E, 0x7F, 0xA7, 0xB7, 
0x94, 0x69, 0x63, 0x82, 0x9F, 0x9D, 0x78, 0x4E, 0x4E, 0x6E, 0x94, 0x92, 0x6D, 0x4F, 0x5B, 0x8B, 
0xB3, 0xBB, 0x93, 0x6D, 0x6B, 0x90, 0xAD, 0x9D, 0x61, 0x3C, 0x59, 0x9D, 0xB3, 0x95, 0x66, 0x58, 
0x63, 0x84, 0x9C, 0x9E, 0x78, 0x60, 0x75, 0x9C, 0xB0, 0xA5, 0x7C, 0x5A, 0x62, 0x87, 0x9F, 0x8E, 
0x65, 0x48, 0x5B, 0x82, 0x97, 0x91, 0x75, 0x62, 0x7D, 0xAD, 0xBB, 0x9E, 0x72, 0x62, 0x7D, 0x91, 
0x88, 0x71, 0x64, 0x6E, 0x80, 0x8F, 0x93, 0x82, 0x5A, 0x56, 0x7E, 0xA7, 0xA8, 0x8C, 0x74, 0x6E, 
0x88, 0xAA, 0xA6, 0x7D, 0x5E, 0x5B, 0x79, 0x8F, 0x8E, 0x70, 0x52, 0x54, 0x77, 0x9A, 0x9F, 0x83, 
0x76, 0x80, 0x99, 0xA8, 0x9D, 0x80, 0x67, 0x5C, 0x74, 0x91, 0x99, 0x7D, 0x62, 0x61, 0x88, 0xA0, 
0x87, 0x67, 0x62, 0x72, 0x96, 0xA8, 0x9C, 0x74, 0x64, 0x7D, 0x9B, 0x9C, 0x85, 0x62, 0x55, 0x6C, 
0x8D, 0x9B, 0x7E, 0x58, 0x5C, 0x80, 0xA6, 0xAB, 0x91, 0x72, 0x71, 0x8C, 0xAD, 0xA5, 0x76, 0x41, 
0x48, 0x84, 0xB4, 0xA1, 0x6E, 0x4D, 0x68, 0x8C, 0x9A, 0x8C, 0x76, 0x60, 0x73, 0x9E, 0xB2, 0x9A, 
0x76, 0x65, 0x71, 0x8D, 0x9C, 0x85, 0x62, 0x4F, 0x5E, 0x88, 0x95, 0x82, 0x69, 0x60, 0x7E, 0xA5, 
0xB6, 0x9D, 0x78, 0x6C, 0x82, 0xA0, 0x96, 0x6B, 0x54, 0x63, 0x8A, 0x9B, 0x8E, 0x77, 0x6B, 0x5B, 
0x72, 0x97, 0xA8, 0x89, 0x66, 0x6F, 0x8D, 0xAB, 0xAA, 0x7F, 0x5B, 0x5D, 0x81, 0x9E, 0x94, 0x6C, 
0x4E, 0x59, 0x7E, 0x97, 0x96, 0x78, 0x6C, 0x7F, 0xA2, 0xB6, 0xA1, 0x7A, 0x65, 0x6F, 0x80, 0x86, 
0x81, 0x73, 0x67, 0x6F, 0x87, 0x9D, 0x93, 0x67, 0x53, 0x74, 0x95, 0xA4, 0x94, 0x84, 0x79, 0x78, 
0x7F, 0x7F, 0x81, 0x89, 0x83, 0x79, 0x71, 0x71, 0x81, 0x84, 0x7B, 0x72, 0x73, 0x82, 0x95, 0x9D, 
0x94, 0x88, 0x7F, 0x7F, 0x86, 0x81, 0x6B, 0x63, 0x74, 0x8C, 0x8E, 0x86, 0x77, 0x7D, 0x7A, 0x7B, 
0x82, 0x90, 0x89, 0x7D, 0x7D, 0x86, 0x93, 0x98, 0x87, 0x76, 0x70, 0x7D, 0x88, 0x85, 0x75, 0x6D, 
0x70, 0x74, 0x78, 0x7C, 0x7F, 0x85, 0x8A, 0x90, 0x93, 0x92, 0x8A, 0x81, 0x82, 0x7C, 0x70, 0x6D, 
0x73, 0x81, 0x7F, 0x78, 0x7C, 0x88, 0x7E, 0x73, 0x78, 0x89, 0x8F, 0x8A, 0x86, 0x81, 0x83, 0x90, 
0x8E, 0x81, 0x76, 0x70, 0x7B, 0x7F, 0x7A, 0x75, 0x74, 0x73, 0x76, 0x84, 0x8D, 0x8F, 0x89, 0x89, 
0x8D, 0x8D, 0x8A, 0x85, 0x7C, 0x6A, 0x65, 0x76, 0x8B, 0x8E, 0x80, 0x6E, 0x77, 0x85, 0x84, 0x7F, 
0x82, 0x80, 0x84, 0x8D, 0x8D, 0x81, 0x7F, 0x87, 0x8A, 0x82, 0x7C, 0x79, 0x7B, 0x77, 0x70, 0x71, 
0x72, 0x79, 0x7F, 0x85, 0x87, 0x8E, 0x96, 0x96, 0x91, 0x84, 0x7D, 0x7F, 0x7D, 0x6C, 0x67, 0x72, 
0x86, 0x87, 0x7B, 0x72, 0x80, 0x86, 0x83, 0x84, 0x8B, 0x82, 0x81, 0x89, 0x89, 0x83, 0x86, 0x88, 
0x83, 0x7D, 0x7C, 0x80, 0x7B, 0x76, 0x73, 0x78, 0x75, 0x74, 0x7D, 0x85, 0x89, 0x8B, 0x8F, 0x93, 
0x90, 0x87, 0x83, 0x81, 0x7B, 0x6C, 0x6F, 0x7C, 0x89, 0x82, 0x79, 0x79, 0x83, 0x80, 0x7B, 0x7C, 
0x83, 0x82, 0x83, 0x89, 0x86, 0x83, 0x85, 0x83, 0x81, 0x81, 0x80, 0x7C, 0x75, 0x70, 0x75, 0x77, 
0x7A, 0x7D, 0x84, 0x84, 0x87, 0x8B, 0x8F, 0x8C, 0x86, 0x82, 0x87, 0x85, 0x77, 0x6D, 0x73, 0x84, 
0x8E, 0x84, 0x74, 0x7A, 0x84, 0x7F, 0x7A, 0x7E, 0x80, 0x81, 0x83, 0x85, 0x87, 0x86, 0x8A, 0x85, 
0x83, 0x7F, 0x7D, 0x7A, 0x7A, 0x78, 0x79, 0x79, 0x78, 0x7C, 0x81, 0x83, 0x84, 0x8B, 0x8C, 0x8C, 
0x88, 0x87, 0x80, 0x7D, 0x73, 0x6C, 0x67, 0x8C, 0xAC, 0x9F, 0x62, 0x61, 0x8E, 0x8F, 0x63, 0x66, 
0x90, 0x88, 0x60, 0x7B, 0xA0, 0x7E, 0x5F, 0x92, 0xAC, 0x74, 0x6F, 0xA4, 0x9D, 0x5B, 0x6C, 0xA8, 
0x89, 0x49, 0x73, 0xAC, 0x76, 0x49, 0x8C, 0xAD, 0x5D, 0x53, 0x9D, 0x9D, 0x55, 0x72, 0xBA, 0x92, 
0x50, 0x8B, 0xBE, 0x7F, 0x5D, 0xA4, 0xAC, 0x56, 0x59, 0xAE, 0x93, 0x38, 0x65, 0xAE, 0x70, 0x28, 
0x7D, 0xA8, 0x74, 0x6F, 0xBB, 0xA4, 0x53, 0x7D, 0xB8, 0x7D, 0x4B, 0x91, 0xB5, 0x63, 0x57, 0xAC, 
0x9D, 0x57, 0x6F, 0xB8, 0x82, 0x4E, 0x88, 0xB6, 0x67, 0x4D, 0x97, 0xA1, 0x4E, 0x5B, 0xAB, 0x8A, 
0x44, 0x7A, 0xB5, 0x6F, 0x41, 0x9C, 0xBA, 0x65, 0x5A, 0xB9, 0xAB, 0x50, 0x6C, 0xC2, 0x91, 0x54, 
0x86, 0xBA, 0x6A, 0x4B, 0x97, 0xAD, 0x4A, 0x4E, 0xA6, 0x96, 0x36, 0x57, 0xA9, 0x85, 0x5B, 0x99, 
0xC7, 0x6C, 0x4C, 0xA6, 0xAD, 0x51, 0x60, 0xBB, 0x9C, 0x3D, 0x78, 0xC1, 0x80, 0x43, 0x93, 0xB9, 
0x60, 0x5D, 0xAD, 0x9E, 0x46, 0x65, 0xB8, 0x85, 0x3D, 0x80, 0xB6, 0x68, 0x4A, 0x9D, 0xA8, 0x4C, 
0x5F, 0xB4, 0x93, 0x4D, 0x85, 0xC2, 0x7E, 0x50, 0x9F, 0xBD, 0x6D, 0x60, 0xAC, 0xA0, 0x48, 0x6D, 
0xB4, 0x82, 0x3B, 0x7A, 0xA5, 0x5E, 0x31, 0x8D, 0xA4, 0x67, 0x74, 0xC2, 0xA8, 0x4C, 0x75, 0xB8, 
0x86, 0x46, 0x8D, 0xC5, 0x6B, 0x48, 0xA3, 0xAE, 0x5B, 0x59, 0xB6, 0x94, 0x46, 0x75, 0xBA, 0x7A, 
0x3E, 0x87, 0xB5, 0x60, 0x44, 0xA0, 0xAD, 0x4F, 0x55, 0xAF, 0x9D, 0x43, 0x72, 0xB9, 0x8C, 0x4B, 
0x9C, 0xC3, 0x6E, 0x53, 0xB4, 0xB2, 0x4F, 0x59, 0xBE, 0x96, 0x3C, 0x73, 0xC0, 0x72, 0x36, 0x86, 
0xAA, 0x4A, 0x3B, 0xA2, 0xA4, 0x5D, 0x7B, 0xCD, 0x93, 0x42, 0x8B, 0xC0, 0x76, 0x48, 0xA3, 0xB6, 
0x53, 0x54, 0xB6, 0x9E, 0x45, 0x6D, 0xC0, 0x83, 0x4B, 0x90, 0xB7, 0x61, 0x49, 0xA5, 0xAA, 0x4A, 
0x4E, 0xAB, 0xA3, 0x4E, 0x52, 0x94, 0xA1, 0x82, 0x73, 0x61, 0x72, 0xA8, 0xC4, 0x77, 0x49, 0x7F, 
0xCB, 0x9D, 0x5B, 0x5A, 0x98, 0xA9, 0x92, 0x64, 0x52, 0x6E, 0xA9, 0x92, 0x45, 0x2D, 0x7E, 0xB3, 
0x95, 0x68, 0x6D, 0x9C, 0xB5, 0x98, 0x61, 0x4D, 0x8A, 0xC1, 0xA2, 0x4C, 0x4A, 0x97, 0xC4, 0x8D, 
0x49, 0x4F, 0x97, 0xBE, 0x97, 0x4A, 0x4F, 0x98, 0xC3, 0x8D, 0x42, 0x43, 0x90, 0xBD, 0x8A, 0x40, 
0x4C, 0x9C, 0xBE, 0x87, 0x43, 0x54, 0xA4, 0xCA, 0x96, 0x54, 0x5B, 0x99, 0xC7, 0x99, 0x4F, 0x50, 
0x9F, 0xC1, 0x82, 0x3A, 0x4E, 0x9B, 0xBA, 0x7C, 0x3A, 0x3F, 0x91, 0xBE, 0x95, 0x56, 0x62, 0xB7, 
0xCA, 0x7D, 0x3A, 0x67, 0xB2, 0xBB, 0x78, 0x3D, 0x5C, 0xAB, 0xC1, 0x82, 0x3C, 0x58, 0xA9, 0xC2, 
0x79, 0x3D, 0x68, 0xB2, 0xB5, 0x71, 0x41, 0x59, 0x9E, 0xB6, 0x79, 0x3C, 0x5C, 0xAF, 0xBC, 0x76, 
0x3B, 0x69, 0xB5, 0xC3, 0x7B, 0x4D, 0x6D, 0xAE, 0xBD, 0x82, 0x47, 0x63, 0xA4, 0xB1, 0x70, 0x42, 
0x5A, 0xA1, 0xAE, 0x6E, 0x36, 0x55, 0xA2, 0xB2, 0x7E, 0x58, 0x7C, 0xB9, 0xAF, 0x76, 0x49, 0x70, 
0xA8, 0xB4, 0x74, 0x41, 0x64, 0xB3, 0xB6, 0x71, 0x40, 0x6F, 0xB2, 0xB8, 0x6E, 0x44, 0x6B, 0xB0, 
0xAA, 0x67, 0x3C, 0x66, 0xAC, 0xAC, 0x65, 0x3E, 0x6D, 0xB1, 0xB3, 0x6F, 0x3F, 0x78, 0xBE, 0xC0, 
0x6F, 0x4C, 0x78, 0xBA, 0xB5, 0x70, 0x45, 0x74, 0xB3, 0xA8, 0x5E, 0x3E, 0x6E, 0xB2, 0xA2, 0x58, 
0x34, 0x6C, 0xB1, 0xA9, 0x71, 0x4F, 0x87, 0xBF, 0xA9, 0x63, 0x45, 0x7F, 0xBB, 0xA8, 0x5C, 0x41, 
0x7F, 0xBE, 0xA3, 0x5B, 0x46, 0x85, 0xC2, 0xA9, 0x56, 0x41, 0x7F, 0xBD, 0x9E, 0x54, 0x3E, 0x7D, 
0xBC, 0xA0, 0x55, 0x43, 0x86, 0xBC, 0xA0, 0x57, 0x4B, 0x8B, 0xC2, 0xA6, 0x5D, 0x4C, 0x83, 0xBF, 
0xA7, 0x5F, 0x49, 0x89, 0xBE, 0x9B, 0x50, 0x3F, 0x79, 0xA8, 0x92, 0x6D, 0x63, 0x7A, 0x83, 0x83, 
0x83, 0x7E, 0x8E, 0x8F, 0x84, 0x71, 0x76, 0x8D, 0x94, 0x7F, 0x6D, 0x73, 0x93, 0x99, 0x85, 0x6F, 
0x77, 0x8C, 0x94, 0x86, 0x71, 0x72, 0x81, 0x8C, 0x80, 0x6D, 0x6F, 0x82, 0x8A, 0x7C, 0x75, 0x81, 
0x88, 0x87, 0x7E, 0x74, 0x7B, 0x86, 0x8F, 0x87, 0x81, 0x80, 0x83, 0x83, 0x8B, 0x88, 0x82, 0x7D, 
0x78, 0x81, 0x83, 0x7D, 0x75, 0x77, 0x7D, 0x7D, 0x76, 0x76, 0x7B, 0x8A, 0x8C, 0x8A, 0x83, 0x80, 
0x86, 0x85, 0x7F, 0x7A, 0x7D, 0x83, 0x83, 0x83, 0x82, 0x7D, 0x80, 0x84, 0x83, 0x7D, 0x80, 0x81, 
0x83, 0x81, 0x7D, 0x7D, 0x7F, 0x7F, 0x7A, 0x78, 0x7F, 0x82, 0x82, 0x7F, 0x7E, 0x81, 0x87, 0x84, 
0x7F, 0x7B, 0x83, 0x89, 0x89, 0x7F, 0x80, 0x85, 0x8E, 0x85, 0x7F, 0x78, 0x7E, 0x86, 0x82, 0x77, 
0x78, 0x7F, 0x80, 0x75, 0x72, 0x73, 0x82, 0x91, 0x8A, 0x82, 0x7D, 0x81, 0x86, 0x87, 0x81, 0x7D, 
0x82, 0x84, 0x80, 0x7C, 0x7E, 0x81, 0x82, 0x81, 0x80, 0x80, 0x83, 0x81, 0x7F, 0x7D, 0x7C, 0x82, 
0x81, 0x7B, 0x7C, 0x80, 0x82, 0x83, 0x7F, 0x7D, 0x7C, 0x83, 0x83, 0x83, 0x83, 0x83, 0x87, 0x87, 
0x83, 0x7F, 0x7F, 0x85, 0x84, 0x7E, 0x7D, 0x79, 0x7F, 0x81, 0x7C, 0x7A, 0x79, 0x7F, 0x80, 0x79, 
0x78, 0x80, 0x8F, 0x8C, 0x87, 0x82, 0x7F, 0x84, 0x80, 0x7F, 0x7E, 0x7E, 0x80, 0x7E, 0x7E, 0x7E, 
0x80, 0x84, 0x82, 0x81, 0x7D, 0x81, 0x82, 0x7F, 0x7D, 0x80, 0x80, 0x80, 0x7C, 0x7A, 0x7A, 0x80, 
0x81, 0x81, 0x80, 0x81, 0x84, 0x86, 0x83, 0x85, 0x80, 0x84, 0x84, 0x85, 0x80, 0x80, 0x83, 0x84, 
0x80, 0x80, 0x7E, 0x7F, 0x80, 0x80, 0x7B, 0x7C, 0x7D, 0x7E, 0x7C, 0x7A, 0x79, 0x81, 0x89, 0x86, 
0x86, 0x81, 0x80, 0x84, 0x83, 0x81, 0x7E, 0x7F, 0x82, 0x83, 0x83, 0x80, 0x7E, 0x7E, 0x81, 0x81, 
0x7F, 0x81, 0x80, 0x7F, 0x7F, 0x7E, 0x80, 0x80, 0x7E, 0x7C, 0x7D, 0x7F, 0x7F, 0x81, 0x80, 0x7F, 
0x82, 0x81, 0x81, 0x81, 0x81, 0x83, 0x83, 0x81, 0x7F, 0x81, 0x83, 0x82, 0x82, 0x81, 0x7F, 0x82, 
0x80, 0x7F, 0x7F, 0x7F, 0x7F, 0x7F, 0x7D, 0x7C, 0x7C, 0x83, 0x85, 0x84, 0x81, 0x7F, 0x82, 0x82, 
0x80, 0x80, 0x7E, 0x80, 0x82, 0x81, 0x81, 0x81, 0x80, 0x7F, 0x81, 0x81, 0x82, 0x82, 0x80, 0x7F, 
0x81, 0x80, 0x80, 0x80, 0x7F, 0x7D, 0x7E, 0x7F, 0x7E, 0x7F, 0x80, 0x80, 0x81, 0x7F, 0x7F, 0x7E, 
0x80, 0x83, 0x82, 0x7F, 0x7F, 0x80, 0x80, 0x7F, 0x82, 0x81, 0x81, 0x80, 0x80, 0x80, 0x82, 0x83, 
0x7F, 0x7E, 0x80, 0x80, 0x80, 0x83, 0x84, 0x83, 0x80, 0x80, 0x81, 0x80, 0x7F, 0x80, 0x81, 0x81, 
0x7F, 0x80, 0x81, 0x83, 0x83, 0x80, 0x7F, 0x81, 0x82, 0x81, 0x80, 0x7F, 0x7F, 0x7F, 0x81, 0x81, 
0x7F, 0x7F, 0x80, 0x7E, 0x80, 0x81, 0x82, 0x82, 0x80, 0x7F, 0x80, 0x80, 0x81, 0x80, 0x80, 0x80, 
0x82, 0x80, 0x81, 0x7F, 0x7E, 0x80, 0x81, 0x81, 0x7F, 0x81, 0x81, 0x81, 0x80, 0x80, 0x80, 0x80, 
0x80, 0x81, 0x81, 0x81, 0x7E, 0x80, 0x7F, 0x81, 0x80, 0x80, 0x82, 0x81, 0x7F, 0x80, 0x81, 0x80, 
0x80, 0x7F, 0x82, 0x81, 0x81, 0x81, 0x80, 0x7F, 0x7F, 0x7F, 0x81, 0x81, 0x81, 0x80, 0x7E, 0x80, 
0x7F, 0x81, 0x82, 0x80, 0x7F, 0x81, 0x80, 0x81, 0x7F, 0x80, 0x80, 0x81, 0x81, 0x81, 0x80, 0x80, 
0x7F, 0x80, 0x82, 0x82, 0x7F, 0x7E, 0x7E, 0x81, 0x81, 0x80, 0x7F, 0x80, 0x80, 0x7F, 0x80, 0x81, 
0x80, 0x81, 0x81, 0x7F, 0x81, 0x82, 0x80, 0x7E, 0x81, 0x82, 0x81, 0x80, 0x80, 0x80, 0x81, 0x82, 
0x81, 0x80, 0x7F, 0x80, 0x81, 0x84, 0x80, 0x7E, 0x7F, 0x82, 0x80, 0x7F, 0x7E, 0x7F, 0x80, 0x82, 
0x81, 0x7F, 0x7D, 0x81, 0x82, 0x81, 0x7F, 0x81, 0x7F, 0x7C, 0x89, 0x8B, 0x7C, 0x67, 0x68, 0x91, 
0xAA, 0x94, 0x6B, 0x5D, 0x73, 0x95, 0xA8, 0x8C, 0x62, 0x5A, 0x77, 0x9B, 0xA1, 0x86, 0x61, 0x59, 
0x7A, 0x9A, 0xA6, 0x86, 0x62, 0x5A, 0x7E, 0xA2, 0xA5, 0x81, 0x5D, 0x59, 0x83, 0xA8, 0xA5, 0x7B, 
0x54, 0x59, 0x89, 0xAB, 0xA3, 0x76, 0x54, 0x60, 0x8E, 0xAA, 0x9A, 0x73, 0x56, 0x62, 0x92, 0xAD, 
0x98, 0x6D, 0x56, 0x68, 0x93, 0xAC, 0x95, 0x69, 0x55, 0x6F, 0x98, 0xA8, 0x8F, 0x68, 0x58, 0x72, 
0x9A, 0xA6, 0x8C, 0x65, 0x57, 0x78, 0xA1, 0xA8, 0x85, 0x60, 0x5A, 0x7D, 0xA4, 0xA6, 0x81, 0x5C, 
0x57, 0x81, 0xA4, 0xA4, 0x7D, 0x5A, 0x5E, 0x87, 0xA7, 0x9F, 0x7A, 0x5B, 0x5F, 0x8A, 0xA9, 0x9C, 
0x74, 0x5A, 0x67, 0x8C, 0xA7, 0x98, 0x73, 0x5A, 0x69, 0x91, 0xA6, 0x94, 0x70, 0x5A, 0x6D, 0x95, 
0xA9, 0x8F, 0x69, 0x5A, 0x73, 0x98, 0xA6, 0x8C, 0x69, 0x5C, 0x74, 0x99, 0xA4, 0x88, 0x65, 0x5C, 
0x78, 0x99, 0xA1, 0x84, 0x61, 0x5F, 0x7D, 0x9D, 0xA3, 0x80, 0x60, 0x5F, 0x82, 0xA1, 0xA1, 0x7D, 
0x5E, 0x62, 0x86, 0xA3, 0x9B, 0x76, 0x5B, 0x64, 0x8C, 0xA6, 0x97, 0x74, 0x5C, 0x6A, 0x8D, 0xA4, 
0x93, 0x70, 0x5F, 0x71, 0x91, 0xA1, 0x8F, 0x6E, 0x60, 0x74, 0x94, 0xA2, 0x8C, 0x6B, 0x5F, 0x78, 
0x95, 0xA0, 0x87, 0x68, 0x61, 0x7C, 0x98, 0x9E, 0x83, 0x66, 0x61, 0x7F, 0x9C, 0x9F, 0x80, 0x63, 
0x62, 0x82, 0x9F, 0x9D, 0x7D, 0x5F, 0x60, 0x86, 0xA1, 0x9A, 0x79, 0x61, 0x67, 0x88, 0xA2, 0x97, 
0x74, 0x5F, 0x6A, 0x8D, 0xA2, 0x95, 0x74, 0x5D, 0x6C, 0x8E, 0xA4, 0x94, 0x71, 0x5F, 0x6E, 0x90, 
0xA3, 0x91, 0x6F, 0x5C, 0x70, 0x93, 0xA4, 0x8E, 0x6D, 0x5C, 0x73, 0x95, 0xA3, 0x89, 0x6A, 0x5F, 
0x77, 0x96, 0x9F, 0x85, 0x68, 0x62, 0x7D, 0x97, 0x9B, 0x81, 0x67, 0x64, 0x80, 0x9A, 0x9A, 0x7F, 
0x67, 0x67, 0x85, 0x9C, 0x97, 0x7B, 0x63, 0x68, 0x88, 0x9D, 0x94, 0x77, 0x64, 0x6A, 0x8B, 0x9E, 
0x92, 0x72, 0x62, 0x6E, 0x8D, 0x9F, 0x91, 0x71, 0x60, 0x6F, 0x8F, 0xA1, 0x8E, 0x71, 0x62, 0x73, 
0x91, 0x9F, 0x8E, 0x6F, 0x61, 0x76, 0x93, 0x9E, 0x8A, 0x6D, 0x62, 0x76, 0x92, 0x9C, 0x89, 0x6E, 
0x62, 0x78, 0x93, 0x9B, 0x86, 0x6C, 0x64, 0x7A, 0x93, 0x9C, 0x85, 0x6C, 0x63, 0x7C, 0x98, 0x9C, 
0x81, 0x68, 0x64, 0x80, 0x9C, 0x9D, 0x7E, 0x63, 0x64, 0x84, 0x9D, 0x9A, 0x7C, 0x5F, 0x64, 0x87, 
0xA0, 0x99, 0x79, 0x60, 0x66, 0x88, 0xA1, 0x98, 0x76, 0x5C, 0x67, 0x8C, 0xA3, 0x95, 0x72, 0x5D, 
0x6D, 0x8F, 0xA4, 0x91, 0x71, 0x61, 0x71, 0x91, 0xA0, 0x8D, 0x6E, 0x60, 0x75, 0x92, 0x9F, 0x89, 
0x6A, 0x61, 0x7A, 0x98, 0x9E, 0x86, 0x69, 0x61, 0x7C, 0x9B, 0x9F, 0x81, 0x66, 0x60, 0x7F, 0x9A, 
0x9C, 0x7F, 0x67, 0x66, 0x80, 0x96, 0x98, 0x82, 0x6A, 0x65, 0x7B, 0x9B, 0x9F, 0x7C, 0x5D, 0x63, 
0x8A, 0xA2, 0x97, 0x75, 0x5D, 0x68, 0x8B, 0xA3, 0x98, 0x71, 0x5B, 0x6D, 0x90, 0xA0, 0x8F, 0x6F, 
0x5D, 0x70, 0x92, 0xA1, 0x8C, 0x6D, 0x5F, 0x74, 0x96, 0xA4, 0x8A, 0x6B, 0x60, 0x7A, 0x98, 0xA1, 
0x87, 0x67, 0x60, 0x7C, 0x9C, 0xA0, 0x83, 0x64, 0x5E, 0x7F, 0x9C, 0x9D, 0x7F, 0x61, 0x61, 0x81, 
0x9C, 0x9B, 0x7E, 0x61, 0x64, 0x83, 0x9F, 0x9A, 0x7F, 0x61, 0x62, 0x83, 0xA2, 0x9A, 0x79, 0x5C, 
0x68, 0x89, 0xA3, 0x9A, 0x7B, 0x5F, 0x66, 0x89, 0xA3, 0x99, 0x75, 0x5B, 0x68, 0x8A, 0xA3, 0x95, 
0x6F, 0x58, 0x6D, 0x95, 0xA5, 0x8F, 0x6E, 0x5B, 0x71, 0x98, 0xA7, 0x8E, 0x69, 0x59, 0x74, 0x9B, 
0xA8, 0x8A, 0x63, 0x59, 0x79, 0xA0, 0xA9, 0x8A, 0x64, 0x59, 0x79, 0xA0, 0xA5, 0x87, 0x61, 0x59, 
0x7B, 0x9F, 0xA3, 0x7F, 0x63, 0x5F, 0x7D, 0x9F, 0xA2, 0x7F, 0x5C, 0x60, 0x84, 0x9A, 0x97, 0x88, 
0x89, 0x79, 0x5E, 0x64, 0x8A, 0xA5, 0x89, 0x68, 0x65, 0x7B, 0x89, 0x8E, 0x7F, 0x72, 0x74, 0x86, 
0x95, 0x93, 0x91, 0x89, 0x78, 0x7A, 0x86, 0x86, 0x7C, 0x70, 0x6C, 0x6D, 0x76, 0x7D, 0x7E, 0x74, 
0x74, 0x85, 0x9F, 0xA6, 0x98, 0x8B, 0x7F, 0x7F, 0x8A, 0x7F, 0x66, 0x61, 0x80, 0x91, 0x85, 0x74, 
0x7A, 0x7E, 0x71, 0x75, 0x85, 0x8E, 0x8C, 0x86, 0x83, 0x85, 0x93, 0x91, 0x80, 0x71, 0x7A, 0x7C, 
0x7C, 0x79, 0x72, 0x6D, 0x68, 0x71, 0x84, 0x89, 0x87, 0x89, 0x94, 0x9A, 0x94, 0x90, 0x86, 0x80, 
0x77, 0x63, 0x66, 0x7E, 0x96, 0x85, 0x6D, 0x6A, 0x84, 0x83, 0x79, 0x76, 0x86, 0x87, 0x8D, 0x94, 
0x8C, 0x87, 0x8C, 0x88, 0x7E, 0x7C, 0x7C, 0x79, 0x75, 0x6D, 0x70, 0x72, 0x73, 0x7B, 0x81, 0x84, 
0x88, 0x95, 0x9A, 0x95, 0x8F, 0x88, 0x87, 0x84, 0x6C, 0x5D, 0x6C, 0x8B, 0x93, 0x7C, 0x69, 0x73, 
0x86, 0x7B, 0x77, 0x82, 0x86, 0x85, 0x87, 0x8E, 0x8B, 0x87, 0x86, 0x81, 0x78, 0x7B, 0x7F, 0x80, 
0x74, 0x6E, 0x72, 0x74, 0x78, 0x81, 0x81, 0x83, 0x89, 0x95, 0x98, 0x93, 0x8B, 0x87, 0x83, 0x7E, 
0x68, 0x64, 0x79, 0x96, 0x8A, 0x75, 0x6A, 0x81, 0x83, 0x7C, 0x76, 0x84, 0x82, 0x85, 0x8F, 0x90, 
0x89, 0x86, 0x83, 0x80, 0x81, 0x83, 0x7E, 0x74, 0x6D, 0x6F, 0x79, 0x78, 0x76, 0x7B, 0x7F, 0x88, 
0x8F, 0x9A, 0x91, 0x8F, 0x84, 0x84, 0x88, 0x7C, 0x65, 0x69, 0x7D, 0x91, 0x82, 0x72, 0x70, 0x83, 
0x7D, 0x7A, 0x7E, 0x85, 0x83, 0x85, 0x8E, 0x8B, 0x87, 0x89, 0x84, 0x7C, 0x7E, 0x7E, 0x7D, 0x77, 
0x73, 0x76, 0x77, 0x77, 0x7A, 0x7F, 0x83, 0x89, 0x8F, 0x95, 0x93, 0x8E, 0x87, 0x85, 0x83, 0x72, 
0x63, 0x6F, 0x87, 0x8D, 0x7D, 0x6D, 0x78, 0x83, 0x80, 0x7B, 0x84, 0x85, 0x88, 0x8A, 0x8E, 0x88, 
0x88, 0x87, 0x84, 0x7D, 0x7D, 0x7B, 0x78, 0x74, 0x72, 0x76, 0x76, 0x76, 0x7C, 0x82, 0x86, 0x89, 
0x90, 0x91, 0x91, 0x8A, 0x85, 0x83, 0x7A, 0x69, 0x69, 0x7D, 0x90, 0x84, 0x73, 0x72, 0x84, 0x81, 
0x7D, 0x7B, 0x87, 0x83, 0x85, 0x8D, 0x8A, 0x84, 0x86, 0x85, 0x81, 0x7E, 0x7D, 0x7D, 0x75, 0x72, 
0x74, 0x7A, 0x76, 0x78, 0x7D, 0x85, 0x86, 0x8B, 0x91, 0x8F, 0x8D, 0x88, 0x87, 0x86, 0x78, 0x68, 
0x6D, 0x87, 0x92, 0x80, 0x6D, 0x75, 0x84, 0x7F, 0x7E, 0x80, 0x84, 0x83, 0x85, 0x8D, 0x89, 0x84, 
0x81, 0x7F, 0x7E, 0x80, 0x7D, 0x79, 0x77, 0x72, 0x76, 0x79, 0x77, 0x7B, 0x81, 0x84, 0x8A, 0x8E, 
0x91, 0x8D, 0x87, 0x84, 0x89, 0x84, 0x71, 0x68, 0x72, 0x88, 0x8B, 0x81, 0x71, 0x7B, 0x86, 0x83, 
0x7E, 0x81, 0x81, 0x81, 0x84, 0x8B, 0x89, 0x87, 0x82, 0x7F, 0x7B, 0x7D, 0x7F, 0x79, 0x75, 0x73, 
0x77, 0x78, 0x7B, 0x82, 0x86, 0x89, 0x8E, 0x93, 0x90, 0x8E, 0x85, 0x7F, 0x80, 0x7D, 0x6C, 0x6D, 
0x79, 0x8A, 0x82, 0x7A, 0x75, 0x83, 0x85, 0x7F, 0x7C, 0x84, 0x84, 0x81, 0x85, 0x88, 0x86, 0x84, 
0x82, 0x80, 0x82, 0x7E, 0x7F, 0x7A, 0x78, 0x79, 0x7C, 0x7A, 0x76, 0x7C, 0x82, 0x8A, 0x90, 0x90, 
0x8B, 0x8A, 0x85, 0x84, 0x82, 0x75, 0x6A, 0x71, 0x81, 0x8B, 0x81, 0x79, 0x7C, 0x86, 0x81, 0x7D, 
0x7F, 0x84, 0x83, 0x82, 0x87, 0x88, 0x86, 0x84, 0x82, 0x81, 0x80, 0x7A, 0x75, 0x77, 0x73, 0x7A, 
0x7B, 0x7B, 0x7B, 0x81, 0x85, 0x89, 0x8A, 0x8A, 0x86, 0x86, 0x84, 0x87, 0x84, 0x78, 0x6E, 0x7B, 
0x8A, 0x8A, 0x7E, 0x73, 0x7A, 0x84, 0x7E, 0x7A, 0x7D, 0x7D, 0x7D, 0x85, 0x8E, 0x8A, 0x84, 0x83, 
0x84, 0x82, 0x82, 0x7B, 0x75, 0x74, 0x76, 0x7C, 0x7E, 0x7C, 0x81, 0x85, 0x87, 0x88, 0x8B, 0x8A, 
0x88, 0x87, 0x85, 0x84, 0x7D, 0x70, 0x66, 0x77, 0x89, 0x86, 0x7B, 0x72, 0x7F, 0x89, 0x8C, 0x8A, 
0x81, 0x6A, 0x64, 0x7C, 0x99, 0xA3, 0x9B, 0x82, 0x6A, 0x66, 0x78, 0x88, 0x96, 0x91, 0x79, 0x6A, 
0x62, 0x72, 0x85, 0x94, 0x8E, 0x7A, 0x64, 0x5E, 0x76, 0x90, 0xA1, 0x9F, 0x89, 0x75, 0x6E, 0x7A, 
0x91, 0xA4, 0xA2, 0x88, 0x73, 0x65, 0x66, 0x7C, 0x8F, 0x91, 0x73, 0x56, 0x55, 0x69, 0x98, 0xA8, 
0xAA, 0x91, 0x72, 0x60, 0x5E, 0x80, 0x99, 0x9E, 0x8C, 0x72, 0x70, 0x72, 0x88, 0x9B, 0xA3, 0x90, 
0x74, 0x68, 0x69, 0x7E, 0x92, 0x96, 0x86, 0x66, 0x57, 0x58, 0x73, 0x90, 0x9B, 0x8F, 0x7A, 0x66, 
0x68, 0x82, 0x99, 0xA8, 0x9D, 0x85, 0x6F, 0x6F, 0x81, 0x9A, 0xA6, 0x94, 0x78, 0x60, 0x5B, 0x6D, 
0x8C, 0x91, 0x88, 0x62, 0x53, 0x57, 0x83, 0xA6, 0xA7, 0x99, 0x78, 0x6C, 0x6B, 0x7D, 0x8C, 0x98, 
0x97, 0x83, 0x6B, 0x66, 0x78, 0x93, 0x9D, 0x9C, 0x83, 0x74, 0x65, 0x71, 0x8A, 0x9B, 0x98, 0x7C, 
0x68, 0x54, 0x62, 0x7E, 0x97, 0x99, 0x82, 0x65, 0x5A, 0x70, 0x91, 0xA4, 0xA9, 0x8F, 0x77, 0x6E, 
0x75, 0x91, 0xA1, 0xA3, 0x87, 0x6C, 0x59, 0x5B, 0x79, 0x92, 0x96, 0x7E, 0x53, 0x4D, 0x60, 0x94, 
0xA7, 0xAD, 0x94, 0x74, 0x66, 0x66, 0x83, 0x9A, 0xA8, 0x95, 0x76, 0x63, 0x66, 0x7F, 0x99, 0xA8, 
0x99, 0x78, 0x66, 0x66, 0x76, 0x92, 0x9D, 0x91, 0x6F, 0x57, 0x52, 0x6C, 0x8A, 0x9D, 0x91, 0x7B, 
0x5B, 0x60, 0x78, 0x99, 0xAE, 0xAB, 0x8E, 0x72, 0x6A, 0x83, 0x9F, 0xAD, 0x99, 0x79, 0x61, 0x53, 
0x64, 0x83, 0x93, 0x91, 0x69, 0x4E, 0x45, 0x6E, 0xA1, 0xAD, 0xA7, 0x85, 0x71, 0x64, 0x74, 0x8C, 
0x9F, 0x9F, 0x86, 0x6D, 0x64, 0x71, 0x8B, 0x9E, 0xA2, 0x91, 0x75, 0x66, 0x69, 0x82, 0x98, 0x9A, 
0x81, 0x62, 0x4C, 0x5A, 0x7E, 0x9C, 0x9A, 0x87, 0x6C, 0x56, 0x65, 0x8C, 0xA7, 0xAF, 0x97, 0x7A, 
0x6E, 0x70, 0x8F, 0xA5, 0xAA, 0x89, 0x6A, 0x63, 0x6B, 0x77, 0x7B, 0x75, 0x70, 0x63, 0x67, 0x76, 
0x99, 0x9D, 0x93, 0x86, 0x80, 0x81, 0x7F, 0x83, 0x80, 0x82, 0x83, 0x7E, 0x7D, 0x7C, 0x7D, 0x8A, 
0x8B, 0x87, 0x7B, 0x7C, 0x80, 0x7A, 0x86, 0x86, 0x82, 0x74, 0x72, 0x71, 0x7F, 0x83, 0x82, 0x7E, 
0x79, 0x73, 0x7C, 0x88, 0x90, 0x91, 0x8C, 0x83, 0x84, 0x89, 0x8B, 0x8F, 0x91, 0x89, 0x78, 0x71, 
0x6D, 0x75, 0x79, 0x7B, 0x78, 0x6B, 0x69, 0x6E, 0x84, 0x9B, 0x91, 0x8C, 0x80, 0x7F, 0x82, 0x85, 
0x85, 0x82, 0x81, 0x82, 0x7D, 0x80, 0x7F, 0x87, 0x87, 0x88, 0x84, 0x7E, 0x7E, 0x7E, 0x7D, 0x7E, 
0x7E, 0x7E, 0x75, 0x73, 0x76, 0x81, 0x85, 0x80, 0x82, 0x7F, 0x7B, 0x7E, 0x85, 0x87, 0x8A, 0x87, 
0x88, 0x85, 0x87, 0x8B, 0x90, 0x8D, 0x82, 0x7A, 0x74, 0x75, 0x75, 0x7C, 0x7A, 0x78, 0x67, 0x68, 
0x71, 0x8E, 0x9C, 0x91, 0x81, 0x7A, 0x7E, 0x82, 0x88, 0x84, 0x84, 0x81, 0x7F, 0x7E, 0x86, 0x82, 
0x87, 0x86, 0x86, 0x81, 0x80, 0x82, 0x7B, 0x7F, 0x7B, 0x7A, 0x7A, 0x79, 0x74, 0x7B, 0x81, 0x82, 
0x81, 0x81, 0x78, 0x79, 0x80, 0x8A, 0x8B, 0x8A, 0x87, 0x83, 0x82, 0x88, 0x8B, 0x8C, 0x8B, 0x80, 
0x7A, 0x77, 0x77, 0x7A, 0x7D, 0x7A, 0x74, 0x69, 0x70, 0x7E, 0x94, 0x91, 0x89, 0x7F, 0x7C, 0x82, 
0x84, 0x89, 0x87, 0x80, 0x80, 0x7E, 0x7E, 0x82, 0x85, 0x86, 0x81, 0x7E, 0x7E, 0x81, 0x82, 0x7C, 
0x7E, 0x77, 0x78, 0x74, 0x7A, 0x7A, 0x7D, 0x82, 0x84, 0x81, 0x80, 0x7D, 0x81, 0x85, 0x88, 0x8A, 
0x84, 0x86, 0x85, 0x87, 0x8A, 0x87, 0x85, 0x7F, 0x7B, 0x7C, 0x7C, 0x7C, 0x7D, 0x77, 0x77, 0x70, 
0x6F, 0x74, 0x85, 0x91, 0x89, 0x83, 0x7D, 0x81, 0x84, 0x86, 0x84, 0x80, 0x7F, 0x82, 0x81, 0x84, 
0x85, 0x84, 0x80, 0x86, 0x83, 0x7D, 0x80, 0x7F, 0x7F, 0x7C, 0x7C, 0x7B, 0x77, 0x79, 0x7E, 0x7C, 
0x71, 0x86, 0x9B, 0x7F, 0x64, 0x82, 0x9E, 0x7C, 0x6B, 0x90, 0x99, 0x70, 0x73, 0xA2, 0x89, 0x61, 
0x8D, 0xA0, 0x62, 0x61, 0xA1, 0x8A, 0x53, 0x7E, 0x95, 0x61, 0x5F, 0xAA, 0x99, 0x63, 0x82, 0xA3, 
0x77, 0x67, 0x9A, 0x8E, 0x5B, 0x7D, 0xA3, 0x7A, 0x64, 0x99, 0x97, 0x5E, 0x7A, 0xA2, 0x76, 0x65, 
0x93, 0x8D, 0x61, 0x7F, 0x96, 0x70, 0x65, 0x8D, 0x8B, 0x6D, 0x83, 0x98, 0x75, 0x69, 0x93, 0x90, 
0x74, 0x82, 0x98, 0x7C, 0x76, 0x95, 0x88, 0x71, 0x83, 0x8D, 0x72, 0x69, 0x8B, 0x85, 0x65, 0x7A, 
0x88, 0x6C, 0x64, 0x92, 0x97, 0x74, 0x83, 0x94, 0x7B, 0x70, 0x95, 0x8F, 0x69, 0x7D, 0x9A, 0x7E, 
0x6C, 0x8F, 0x8E, 0x6D, 0x83, 0x98, 0x76, 0x6F, 0x94, 0x8F, 0x65, 0x78, 0x90, 0x74, 0x66, 0x8B, 
0x86, 0x66, 0x80, 0x97, 0x73, 0x66, 0x94, 0x96, 0x6E, 0x82, 0x9F, 0x80, 0x6F, 0x98, 0x97, 0x6C, 
0x7E, 0x9A, 0x78, 0x63, 0x89, 0x87, 0x61, 0x75, 0x92, 0x6C, 0x5E, 0x93, 0x9C, 0x70, 0x80, 0x9D, 
0x7C, 0x6C, 0x92, 0x90, 0x69, 0x7D, 0x9C, 0x78, 0x64, 0x90, 0x94, 0x6E, 0x7C, 0x98, 0x7F, 0x68, 
0x90, 0x8F, 0x6A, 0x75, 0x99, 0x7D, 0x63, 0x84, 0x90, 0x6D, 0x76, 0x92, 0x80, 0x6A, 0x88, 0x95, 
0x75, 0x7D, 0x98, 0x88, 0x6C, 0x8B, 0x9D, 0x75, 0x73, 0x96, 0x82, 0x63, 0x80, 0x90, 0x6D, 0x6D, 
0x91, 0x7B, 0x60, 0x7F, 0x9A, 0x80, 0x7C, 0x98, 0x85, 0x6A, 0x89, 0x98, 0x72, 0x73, 0x94, 0x83, 
0x64, 0x84, 0x97, 0x75, 0x6E, 0x94, 0x8C, 0x69, 0x81, 0x9A, 0x78, 0x6E, 0x8F, 0x86, 0x66, 0x7A, 
0x91, 0x74, 0x6F, 0x8F, 0x87, 0x66, 0x7E, 0x9A, 0x7C, 0x71, 0x94, 0x8D, 0x6E, 0x87, 0x99, 0x79, 
0x72, 0x96, 0x8A, 0x68, 0x7D, 0x97, 0x75, 0x68, 0x8D, 0x87, 0x61, 0x7A, 0x94, 0x7B, 0x75, 0x93, 
0x88, 0x6B, 0x84, 0x99, 0x79, 0x6C, 0x95, 0x99, 0x63, 0x67, 0x9B, 0x97, 0x72, 0x77, 0x8D, 0x89, 
0x7C, 0x7F, 0x83, 0x81, 0x73, 0x7B, 0x88, 0x7A, 0x6E, 0x85, 0x8A, 0x6F, 0x74, 0x93, 0x82, 0x6F, 
0x89, 0x92, 0x76, 0x78, 0x94, 0x86, 0x71, 0x83, 0x8F, 0x7E, 0x7B, 0x87, 0x81, 0x73, 0x81, 0x8C, 
0x78, 0x73, 0x87, 0x83, 0x6F, 0x81, 0x91, 0x79, 0x79, 0x87, 0x80, 0x7D, 0x8A, 0x83, 0x7A, 0x85, 
0x87, 0x7D, 0x81, 0x87, 0x83, 0x7D, 0x84, 0x85, 0x7A, 0x80, 0x87, 0x7C, 0x79, 0x84, 0x82, 0x76, 
0x7E, 0x86, 0x7F, 0x7B, 0x83, 0x83, 0x7D, 0x80, 0x86, 0x7F, 0x80, 0x87, 0x83, 0x7B, 0x80, 0x86, 
0x80, 0x7A, 0x7E, 0x82, 0x7F, 0x7C, 0x80, 0x7E, 0x7C, 0x82, 0x83, 0x77, 0x7A, 0x88, 0x8A, 0x7B, 
0x7B, 0x82, 0x85, 0x7D, 0x7E, 0x81, 0x7F, 0x81, 0x8A, 0x80, 0x7B, 0x84, 0x87, 0x7F, 0x7E, 0x83, 
0x83, 0x80, 0x80, 0x80, 0x82, 0x7D, 0x81, 0x81, 0x7B, 0x7A, 0x83, 0x83, 0x7C, 0x82, 0x82, 0x7E, 
0x80, 0x88, 0x84, 0x7F, 0x80, 0x84, 0x81, 0x7E, 0x81, 0x82, 0x7E, 0x80, 0x81, 0x7F, 0x7E, 0x82, 
0x7F, 0x7B, 0x83, 0x83, 0x7C, 0x7D, 0x84, 0x80, 0x79, 0x7E, 0x83, 0x82, 0x82, 0x7E, 0x7D, 0x83, 
0x86, 0x80, 0x7A, 0x7E, 0x87, 0x87, 0x7D, 0x7A, 0x81, 0x85, 0x82, 0x7D, 0x7C, 0x82, 0x84, 0x7E, 
0x7A, 0x81, 0x87, 0x82, 0x7D, 0x7F, 0x81, 0x84, 0x82, 0x80, 0x7E, 0x80, 0x83, 0x7F, 0x7F, 0x80, 
0x82, 0x7D, 0x7C, 0x81, 0x83, 0x80, 0x80, 0x82, 0x80, 0x7F, 0x81, 0x83, 0x7F, 0x7F, 0x84, 0x81, 
0x7C, 0x7F, 0x83, 0x7E, 0x7E, 0x82, 0x81, 0x7E, 0x80, 0x80, 0x7F, 0x82, 0x83, 0x7F, 0x7E, 0x81, 
0x81, 0x7F, 0x7E, 0x80, 0x81, 0x7F, 0x7F, 0x7E, 0x7D, 0x80, 0x88, 0x85, 0x79, 0x7E, 0x87, 0x82, 
0x7E, 0x81, 0x83, 0x80, 0x82, 0x85, 0x80, 0x7D, 0x80, 0x82, 0x80, 0x7D, 0x80, 0x80, 0x7F, 0x7D, 
0x74, 0x7E, 0x9C, 0xA0, 0x75, 0x57, 0x7C, 0xA3, 0x8F, 0x5B, 0x59, 0x89, 0xA5, 0x83, 0x58, 0x6C, 
0x9E, 0xA5, 0x77, 0x59, 0x7D, 0xAE, 0x9D, 0x62, 0x58, 0x8E, 0xB0, 0x8A, 0x54, 0x61, 0x99, 0xA7, 
0x77, 0x52, 0x6F, 0xA1, 0x9E, 0x69, 0x56, 0x84, 0xAC, 0x8E, 0x5A, 0x62, 0x95, 0xA8, 0x7B, 0x56, 
0x72, 0xA2, 0x9E, 0x70, 0x5E, 0x81, 0xA4, 0x91, 0x64, 0x65, 0x91, 0xA6, 0x80, 0x5A, 0x70, 0x9E, 
0xA0, 0x72, 0x5C, 0x7E, 0xA3, 0x93, 0x63, 0x5E, 0x8C, 0xAA, 0x84, 0x59, 0x6C, 0x9C, 0xA2, 0x72, 
0x57, 0x79, 0xA6, 0x97, 0x62, 0x5B, 0x89, 0xA8, 0x84, 0x58, 0x6B, 0x9C, 0xA4, 0x75, 0x5B, 0x7B, 
0xA4, 0x99, 0x66, 0x5B, 0x88, 0xAC, 0x8A, 0x58, 0x66, 0x9A, 0xA6, 0x76, 0x54, 0x75, 0xA6, 0x9D, 
0x69, 0x5B, 0x86, 0xA8, 0x8B, 0x5D, 0x66, 0x93, 0xA6, 0x7F, 0x58, 0x6E, 0x9E, 0xA0, 0x70, 0x58, 
0x7F, 0xA9, 0x95, 0x62, 0x61, 0x8F, 0xAB, 0x87, 0x58, 0x67, 0x9D, 0xA8, 0x73, 0x51, 0x7A, 0xAD, 
0x97, 0x5D, 0x57, 0x8C, 0xAC, 0x86, 0x57, 0x65, 0x9C, 0xA5, 0x73, 0x54, 0x76, 0xAA, 0x9B, 0x64, 
0x56, 0x8A, 0xB2, 0x8D, 0x55, 0x62, 0x9E, 0xAE, 0x76, 0x4F, 0x75, 0xAA, 0x9D, 0x65, 0x55, 0x83, 
0xAC, 0x90, 0x58, 0x5C, 0x95, 0xAE, 0x7D, 0x51, 0x6E, 0xA5, 0xA3, 0x6E, 0x55, 0x7F, 0xAD, 0x96, 
0x5F, 0x5B, 0x90, 0xAE, 0x84, 0x53, 0x6A, 0xA1, 0xA3, 0x6F, 0x54, 0x7C, 0xA9, 0x97, 0x60, 0x59, 
0x8B, 0xAF, 0x89, 0x51, 0x64, 0xA1, 0xAD, 0x72, 0x50, 0x77, 0xA9, 0x9B, 0x65, 0x5A, 0x88, 0xAA, 
0x89, 0x56, 0x64, 0x9C, 0xA8, 0x74, 0x53, 0x77, 0xA9, 0x9B, 0x65, 0x5B, 0x89, 0xAA, 0x8D, 0x5B, 
0x65, 0x97, 0xA6, 0x7A, 0x56, 0x75, 0xA6, 0x9C, 0x66, 0x5B, 0x88, 0xAA, 0x8A, 0x5A, 0x66, 0x98, 
0xA5, 0x7A, 0x57, 0x73, 0xA1, 0x98, 0x69, 0x5D, 0x84, 0xA0, 0x8F, 0x75, 0x77, 0x83, 0x81, 0x83, 
0x81, 0x7A, 0x78, 0x85, 0x88, 0x7C, 0x7A, 0x83, 0x85, 0x80, 0x7D, 0x7F, 0x81, 0x86, 0x85, 0x7D, 
0x7C, 0x80, 0x87, 0x83, 0x7A, 0x7A, 0x83, 0x87, 0x81, 0x7C, 0x7C, 0x80, 0x84, 0x81, 0x7D, 0x7E, 
0x81, 0x84, 0x81, 0x7D, 0x7E, 0x81, 0x81, 0x80, 0x82, 0x81, 0x7D, 0x7E, 0x85, 0x82, 0x7C, 0x7D, 
0x81, 0x83, 0x82, 0x7C, 0x7B, 0x81, 0x85, 0x81, 0x7B, 0x7D, 0x85, 0x84, 0x7D, 0x7D, 0x81, 0x85, 
0x7F, 0x7C, 0x81, 0x87, 0x82, 0x7D, 0x7F, 0x82, 0x83, 0x81, 0x7E, 0x7E, 0x81, 0x82, 0x7F, 0x7D, 
0x80, 0x84, 0x83, 0x7D, 0x7E, 0x82, 0x82, 0x80, 0x7D, 0x7E, 0x80, 0x83, 0x82, 0x7E, 0x7F, 0x81, 
0x82, 0x7F, 0x80, 0x80, 0x7F, 0x7F, 0x80, 0x81, 0x83, 0x82, 0x80, 0x7F, 0x80, 0x82, 0x82, 0x81, 
0x7F, 0x82, 0x82, 0x7E, 0x80, 0x83, 0x81, 0x7E, 0x80, 0x83, 0x80, 0x7F, 0x7E, 0x81, 0x80, 0x7F, 
0x7F, 0x7F, 0x7F, 0x80, 0x7E, 0x7F, 0x81, 0x80, 0x83, 0x83, 0x80, 0x7E, 0x80, 0x81, 0x7F, 0x7F, 
0x7F, 0x7F, 0x7F, 0x82, 0x80, 0x7D, 0x7F, 0x83, 0x83, 0x7D, 0x80, 0x81, 0x83, 0x82, 0x7F, 0x7E, 
0x80, 0x80, 0x80, 0x80, 0x83, 0x80, 0x7D, 0x7C, 0x84, 0x84, 0x7E, 0x7F, 0x80, 0x80, 0x82, 0x82, 
0x7F, 0x7D, 0x7F, 0x81, 0x82, 0x81, 0x7D, 0x7D, 0x81, 0x84, 0x81, 0x7D, 0x80, 0x80, 0x7F, 0x80, 
0x82, 0x80, 0x7C, 0x82, 0x82, 0x7F, 0x7E, 0x80, 0x82, 0x81, 0x81, 0x82, 0x7D, 0x80, 0x80, 0x80, 
0x80, 0x7F, 0x7D, 0x80, 0x81, 0x80, 0x7E, 0x81, 0x7E, 0x7C, 0x82, 0x87, 0x81, 0x7C, 0x80, 0x83, 
0x7F, 0x82, 0x84, 0x7E, 0x7A, 0x80, 0x84, 0x80, 0x7F, 0x80, 0x80, 0x7D, 0x82, 0x81, 0x7F, 0x7F, 
0x82, 0x81, 0x7E, 0x7E, 0x80, 0x81, 0x83, 0x81, 0x7C, 0x7E, 0x83, 0x84, 0x7D, 0x7C, 0x7F, 0x86, 
0x84, 0x80, 0x88, 0x86, 0x68, 0x56, 0x7F, 0xB7, 0xA7, 0x6A, 0x51, 0x77, 0x9C, 0x97, 0x7B, 0x61, 
0x63, 0x8D, 0xAD, 0xA2, 0x73, 0x63, 0x79, 0x99, 0x9A, 0x7E, 0x5E, 0x59, 0x76, 0x8D, 0x87, 0x6A, 
0x5A, 0x71, 0x98, 0xAF, 0xA8, 0x86, 0x72, 0x81, 0xA2, 0x97, 0x61, 0x49, 0x6D, 0x9E, 0xA1, 0x81, 
0x5F, 0x54, 0x6E, 0x9B, 0xA2, 0x7B, 0x60, 0x79, 0xA3, 0xB1, 0x9B, 0x75, 0x5C, 0x6E, 0x9B, 0xA3, 
0x78, 0x44, 0x49, 0x77, 0x9B, 0x93, 0x6B, 0x5C, 0x83, 0xBD, 0xCA, 0x93, 0x5D, 0x63, 0x8C, 0x92, 
0x7C, 0x6A, 0x6E, 0x72, 0x8B, 0x98, 0x83, 0x51, 0x53, 0x88, 0xB3, 0x99, 0x75, 0x65, 0x7F, 0xA8, 
0xB2, 0x88, 0x5C, 0x59, 0x82, 0x9B, 0x87, 0x5B, 0x42, 0x5F, 0x93, 0xA8, 0x8D, 0x6D, 0x76, 0x9B, 
0xBF, 0xA8, 0x79, 0x58, 0x56, 0x7C, 0xA1, 0x9B, 0x6A, 0x52, 0x74, 0xA5, 0x9A, 0x6A, 0x52, 0x6F, 
0x91, 0xB1, 0xA3, 0x73, 0x64, 0x86, 0xAE, 0xA3, 0x76, 0x54, 0x5C, 0x7B, 0x90, 0x7E, 0x5B, 0x49, 
0x6C, 0x9D, 0xB5, 0x9C, 0x78, 0x79, 0x99, 0xB0, 0x9B, 0x66, 0x3D, 0x56, 0x94, 0xBB, 0x91, 0x54, 
0x4D, 0x7B, 0x9A, 0x99, 0x77, 0x5E, 0x6A, 0x9E, 0xB2, 0x98, 0x78, 0x6B, 0x7B, 0x99, 0x9A, 0x79, 
0x54, 0x55, 0x76, 0x8D, 0x88, 0x6B, 0x5E, 0x7A, 0xA9, 0xB9, 0x9A, 0x77, 0x6D, 0x88, 0xA4, 0x84, 
0x55, 0x50, 0x7B, 0xA1, 0x9B, 0x79, 0x65, 0x5C, 0x78, 0xA1, 0xA8, 0x74, 0x5E, 0x7B, 0x9E, 0xB2, 
0x99, 0x6E, 0x5D, 0x77, 0x9C, 0x99, 0x6B, 0x46, 0x49, 0x7D, 0x9D, 0x91, 0x70, 0x68, 0x86, 0xB4, 
0xBD, 0x90, 0x64, 0x65, 0x7E, 0x87, 0x82, 0x6F, 0x6B, 0x73, 0x8A, 0x97, 0x85, 0x59, 0x5E, 0x87, 
0xA6, 0x97, 0x80, 0x6C, 0x75, 0x9F, 0xB2, 0x8F, 0x63, 0x59, 0x77, 0x96, 0x8D, 0x63, 0x48, 0x5C, 
0x8B, 0xA7, 0x99, 0x77, 0x72, 0x91, 0xB2, 0xAA, 0x81, 0x61, 0x55, 0x6D, 0x88, 0x92, 0x8A, 0x7E, 
0x6F, 0x79, 0x7D, 0x81, 0x84, 0x83, 0x78, 0x7E, 0x91, 0x94, 0x8C, 0x85, 0x81, 0x83, 0x82, 0x7B, 
0x75, 0x6E, 0x70, 0x6F, 0x76, 0x7A, 0x7C, 0x81, 0x8A, 0x8F, 0x98, 0x94, 0x8B, 0x84, 0x82, 0x73, 
0x64, 0x73, 0x87, 0x8E, 0x7F, 0x70, 0x76, 0x86, 0x83, 0x7A, 0x7D, 0x82, 0x81, 0x86, 0x88, 0x89, 
0x8D, 0x8E, 0x83, 0x7C, 0x7B, 0x7E, 0x7F, 0x73, 0x6B, 0x6C, 0x75, 0x7C, 0x80, 0x86, 0x87, 0x8E, 
0x9A, 0x99, 0x8B, 0x80, 0x7A, 0x6C, 0x6B, 0x7E, 0x92, 0x86, 0x73, 0x70, 0x85, 0x87, 0x7E, 0x79, 
0x80, 0x81, 0x89, 0x8D, 0x86, 0x82, 0x88, 0x89, 0x84, 0x7F, 0x78, 0x70, 0x71, 0x75, 0x75, 0x74, 
0x74, 0x7B, 0x84, 0x8B, 0x92, 0x98, 0x90, 0x86, 0x87, 0x8A, 0x7E, 0x68, 0x69, 0x7D, 0x91, 0x86, 
0x71, 0x70, 0x7E, 0x7F, 0x84, 0x88, 0x80, 0x77, 0x86, 0x8F, 0x89, 0x88, 0x89, 0x80, 0x7D, 0x83, 
0x81, 0x78, 0x6E, 0x6E, 0x74, 0x7B, 0x80, 0x7E, 0x81, 0x8A, 0x93, 0x97, 0x8D, 0x7F, 0x83, 0x86, 
0x76, 0x6A, 0x77, 0x8A, 0x8C, 0x81, 0x74, 0x7B, 0x7F, 0x7C, 0x7E, 0x86, 0x7D, 0x80, 0x87, 0x89, 
0x87, 0x8C, 0x83, 0x77, 0x79, 0x80, 0x7D, 0x75, 0x6E, 0x6A, 0x79, 0x81, 0x7F, 0x82, 0x8B, 0x8E, 
0x90, 0x96, 0x8E, 0x84, 0x80, 0x7A, 0x6B, 0x71, 0x80, 0x88, 0x7D, 0x76, 0x7F, 0x8A, 0x7B, 0x76, 
0x84, 0x8A, 0x80, 0x87, 0x8C, 0x84, 0x84, 0x88, 0x81, 0x7B, 0x7B, 0x7B, 0x7A, 0x77, 0x6D, 0x71, 
0x7D, 0x86, 0x86, 0x83, 0x88, 0x8C, 0x94, 0x90, 0x84, 0x7F, 0x7F, 0x78, 0x6D, 0x77, 0x89, 0x88, 
0x7B, 0x7A, 0x84, 0x81, 0x79, 0x7E, 0x7E, 0x7F, 0x86, 0x8A, 0x84, 0x83, 0x89, 0x81, 0x7D, 0x7D, 
0x7D, 0x7B, 0x78, 0x77, 0x79, 0x7C, 0x7B, 0x81, 0x84, 0x84, 0x8B, 0x92, 0x89, 0x87, 0x81, 0x82, 
0x7C, 0x73, 0x6C, 0x7D, 0x9E, 0x8F, 0x67, 0x65, 0x91, 0x8D, 0x6C, 0x75, 0x96, 0x79, 0x6F, 0x95, 
0x9C, 0x6B, 0x78, 0xA5, 0x85, 0x61, 0x8E, 0x9E, 0x68, 0x70, 0x98, 0x7E, 0x56, 0x86, 0x93, 0x5D, 
0x68, 0x9E, 0x89, 0x57, 0x7B, 0x93, 0x6E, 0x76, 0xAA, 0x8D, 0x6D, 0x94, 0xAF, 0x81, 0x7D, 0xA0, 
0x87, 0x6B, 0x89, 0x8F, 0x5F, 0x60, 0x86, 0x79, 0x4E, 0x64, 0x7D, 0x7A, 0x8F, 0x9F, 0x87, 0x6C, 
0x90, 0x98, 0x7A, 0x79, 0x96, 0x87, 0x73, 0x85, 0x91, 0x77, 0x7D, 0x8E, 0x7F, 0x74, 0x8B, 0x93, 
0x71, 0x74, 0x8B, 0x82, 0x6A, 0x7C, 0x84, 0x69, 0x6C, 0x8C, 0x82, 0x68, 0x7E, 0x8A, 0x71, 0x7A, 
0x9C, 0x91, 0x74, 0x8B, 0xA0, 0x84, 0x81, 0x94, 0x83, 0x6B, 0x86, 0x8C, 0x69, 0x69, 0x8C, 0x78, 
0x5B, 0x69, 0x7D, 0x71, 0x8D, 0xA3, 0x8B, 0x66, 0x87, 0x99, 0x74, 0x75, 0x93, 0x82, 0x67, 0x83, 
0x9F, 0x79, 0x73, 0x92, 0x8A, 0x74, 0x8A, 0x99, 0x75, 0x6F, 0x92, 0x81, 0x64, 0x75, 0x8C, 0x6E, 
0x69, 0x8E, 0x87, 0x68, 0x78, 0x8D, 0x73, 0x70, 0x96, 0x94, 0x75, 0x8C, 0xA4, 0x86, 0x7E, 0x9B, 
0x99, 0x6F, 0x7C, 0x90, 0x71, 0x5F, 0x80, 0x7F, 0x62, 0x5C, 0x79, 0x67, 0x76, 0xA8, 0xA0, 0x75, 
0x7A, 0x9E, 0x8B, 0x74, 0x89, 0x8F, 0x73, 0x79, 0x8F, 0x83, 0x71, 0x8E, 0x8E, 0x74, 0x7C, 0x94, 
0x84, 0x6C, 0x83, 0x87, 0x70, 0x70, 0x83, 0x75, 0x6D, 0x82, 0x86, 0x6E, 0x75, 0x8D, 0x81, 0x73, 
0x89, 0x94, 0x85, 0x87, 0x95, 0x86, 0x7F, 0x93, 0x92, 0x7D, 0x7C, 0x8E, 0x77, 0x68, 0x7E, 0x83, 
0x6A, 0x6D, 0x7C, 0x6B, 0x66, 0x9B, 0xA0, 0x7B, 0x72, 0x93, 0x8A, 0x76, 0x8B, 0x8C, 0x6C, 0x7B, 
0x96, 0x83, 0x6A, 0x8C, 0x9B, 0x77, 0x74, 0x96, 0x8D, 0x71, 0x7E, 0x8D, 0x6F, 0x71, 0x85, 0x79, 
0x62, 0x82, 0x90, 0x72, 0x6B, 0x90, 0x84, 0x6E, 0x86, 0x96, 0x7A, 0x7D, 0xA4, 0x8E, 0x5C, 0x81, 
0xBD, 0xA0, 0x55, 0x5B, 0x9E, 0xA4, 0x67, 0x4A, 0x72, 0x9A, 0x7E, 0x57, 0x50, 0x7C, 0xB2, 0xAE, 
0x6D, 0x4B, 0x90, 0xC3, 0x8F, 0x48, 0x6B, 0xAA, 0xA7, 0x70, 0x5F, 0x75, 0xA6, 0xA6, 0x75, 0x51, 
0x7D, 0xB8, 0x93, 0x4A, 0x56, 0x9A, 0xA0, 0x6F, 0x4F, 0x66, 0x93, 0xA4, 0x7A, 0x4E, 0x71, 0xAC, 
0xA0, 0x66, 0x65, 0x96, 0xB3, 0x93, 0x68, 0x69, 0xA3, 0xB3, 0x80, 0x4D, 0x6D, 0x9A, 0x93, 0x5D, 
0x4E, 0x70, 0x9D, 0x80, 0x4D, 0x54, 0xA4, 0xC2, 0x90, 0x53, 0x6E, 0xAA, 0xA8, 0x75, 0x54, 0x7A, 
0xA8, 0x9A, 0x64, 0x58, 0x8D, 0xB6, 0x88, 0x51, 0x6B, 0xA6, 0xA5, 0x6A, 0x54, 0x76, 0xA4, 0x8E, 
0x5A, 0x4C, 0x88, 0xB0, 0x87, 0x50, 0x64, 0x9B, 0xAA, 0x7C, 0x5A, 0x7E, 0xAD, 0xA9, 0x6F, 0x5D, 
0x8F, 0xB9, 0x99, 0x56, 0x58, 0x96, 0xA5, 0x6C, 0x46, 0x6C, 0x9F, 0x8C, 0x53, 0x49, 0x88, 0xC1, 
0xA0, 0x65, 0x5B, 0x97, 0xB4, 0x86, 0x52, 0x6A, 0xA2, 0xA8, 0x6D, 0x57, 0x79, 0xAD, 0x9B, 0x67, 
0x5A, 0x8A, 0xB2, 0x89, 0x56, 0x68, 0x97, 0x9F, 0x70, 0x51, 0x6C, 0xA0, 0x9E, 0x63, 0x52, 0x83, 
0xAE, 0x8F, 0x5B, 0x63, 0x9F, 0xB2, 0x85, 0x5B, 0x76, 0xB0, 0xAD, 0x72, 0x50, 0x7B, 0xA8, 0x8B, 
0x51, 0x52, 0x8B, 0xA4, 0x6D, 0x42, 0x62, 0xB4, 0xBD, 0x7A, 0x4E, 0x7A, 0xB8, 0xA0, 0x65, 0x59, 
0x8C, 0xB0, 0x8A, 0x56, 0x65, 0xA4, 0xAE, 0x6E, 0x4E, 0x7C, 0xB6, 0x97, 0x55, 0x53, 0x8E, 0xB0, 
0x7E, 0x4A, 0x5D, 0x9C, 0xA9, 0x70, 0x4E, 0x78, 0xAE, 0x9C, 0x62, 0x5C, 0x95, 0xB3, 0x8A, 0x5B, 
0x6D, 0xA5, 0xAE, 0x79, 0x52, 0x77, 0xAA, 0x91, 0x5A, 0x56, 0x89, 0xA6, 0x79, 0x47, 0x5D, 0xA5, 
0xB7, 0x78, 0x52, 0x76, 0xAE, 0x9C, 0x69, 0x61, 0x91, 0xAA, 0x86, 0x59, 0x6B, 0x9B, 0xAA, 0x75, 
0x55, 0x77, 0xAA, 0x9E, 0x6F, 0x60, 0x78, 0x86, 0x81, 0x7A, 0x72, 0x78, 0x82, 0x87, 0x7F, 0x7C, 
0x7F, 0x86, 0x84, 0x7E, 0x7C, 0x8A, 0x8D, 0x86, 0x7F, 0x80, 0x86, 0x89, 0x84, 0x7A, 0x77, 0x79, 
0x82, 0x80, 0x7A, 0x74, 0x76, 0x75, 0x77, 0x7D, 0x8B, 0x89, 0x88, 0x7C, 0x7E, 0x82, 0x87, 0x85, 
0x83, 0x80, 0x84, 0x81, 0x80, 0x84, 0x88, 0x81, 0x79, 0x7E, 0x84, 0x85, 0x7D, 0x78, 0x7B, 0x7F, 
0x80, 0x7B, 0x76, 0x7C, 0x82, 0x83, 0x7D, 0x7E, 0x82, 0x7F, 0x7F, 0x83, 0x88, 0x8C, 0x84, 0x82, 
0x84, 0x8A, 0x88, 0x82, 0x7F, 0x7F, 0x82, 0x80, 0x77, 0x78, 0x7C, 0x79, 0x77, 0x72, 0x76, 0x7D, 
0x88, 0x87, 0x84, 0x83, 0x84, 0x82, 0x7F, 0x82, 0x83, 0x81, 0x7D, 0x80, 0x84, 0x86, 0x81, 0x80, 
0x81, 0x85, 0x83, 0x7E, 0x7E, 0x80, 0x82, 0x7F, 0x7B, 0x7A, 0x7B, 0x7B, 0x7D, 0x80, 0x81, 0x7F, 
0x7F, 0x7D, 0x81, 0x86, 0x84, 0x81, 0x83, 0x89, 0x88, 0x83, 0x82, 0x84, 0x86, 0x84, 0x7F, 0x7E, 
0x7C, 0x7E, 0x7D, 0x79, 0x79, 0x7A, 0x79, 0x78, 0x7F, 0x88, 0x85, 0x84, 0x7F, 0x80, 0x81, 0x84, 
0x83, 0x80, 0x7E, 0x83, 0x83, 0x81, 0x80, 0x81, 0x83, 0x82, 0x81, 0x7F, 0x80, 0x81, 0x7F, 0x7A, 
0x7B, 0x7E, 0x7E, 0x7C, 0x7A, 0x7E, 0x80, 0x83, 0x82, 0x7F, 0x7E, 0x82, 0x86, 0x82, 0x82, 0x81, 
0x85, 0x84, 0x84, 0x84, 0x84, 0x83, 0x82, 0x7F, 0x7F, 0x7F, 0x80, 0x7C, 0x7A, 0x7A, 0x77, 0x78, 
0x7C, 0x85, 0x88, 0x85, 0x81, 0x81, 0x82, 0x85, 0x82, 0x80, 0x80, 0x82, 0x82, 0x82, 0x82, 0x81, 
0x83, 0x81, 0x80, 0x7F, 0x81, 0x81, 0x7D, 0x7C, 0x7D, 0x7F, 0x7E, 0x7C, 0x7C, 0x80, 0x81, 0x80, 
0x80, 0x80, 0x81, 0x80, 0x83, 0x83, 0x83, 0x82, 0x81, 0x82, 0x82, 0x84, 0x84, 0x84, 0x82, 0x80, 
0x80, 0x80, 0x7F, 0x7D, 0x7D, 0x7D, 0x7C, 0x7A, 0x7C, 0x7F, 0x86, 0x85, 0x83, 0x80, 0x80, 0x82, 
0x80, 0x7F, 0x81, 0x82, 0x80, 0x7E, 0x81, 0x82, 0x82, 0x80, 0x80, 0x80, 0x82, 0x82, 0x81, 0x7F, 
0x80, 0x7F, 0x7E, 0x7C, 0x7F, 0x80, 0x80, 0x7E, 0x7E, 0x81, 0x82, 0x80, 0x80, 0x81, 0x7F, 0x80, 
0x80, 0x82, 0x80, 0x80, 0x81, 0x82, 0x81, 0x80, 0x80, 0x7F, 0x7D, 0x7E, 0x80, 0x80, 0x7F, 0x7B, 
0x7C, 0x7F, 0x85, 0x86, 0x82, 0x80, 0x80, 0x82, 0x80, 0x80, 0x7F, 0x7F, 0x80, 0x83, 0x83, 0x82, 
0x80, 0x81, 0x81, 0x80, 0x81, 0x80, 0x81, 0x7F, 0x7F, 0x81, 0x81, 0x7E, 0x7E, 0x7D, 0x7F, 0x81, 
0x81, 0x81, 0x80, 0x7F, 0x80, 0x82, 0x85, 0x83, 0x7E, 0x7E, 0x82, 0x85, 0x82, 0x7F, 0x7F, 0x80, 
0x80, 0x7F, 0x7F, 0x7E, 0x7E, 0x80, 0x80, 0x80, 0x7F, 0x7E, 0x7F, 0x81, 0x81, 0x82, 0x80, 0x7F, 
0x80, 0x80, 0x80, 0x80, 0x80, 0x7F, 0x7F, 0x82, 0x82, 0x80, 0x7F, 0x82, 0x82, 0x80, 0x7E, 0x7F, 
0x81, 0x82, 0x80, 0x7F, 0x7E, 0x80, 0x81, 0x80, 0x7F, 0x81, 0x82, 0x81, 0x80, 0x82, 0x83, 0x80, 
0x7F, 0x81, 0x81, 0x7F, 0x7E, 0x81, 0x81, 0x81, 0x80, 0x7F, 0x7F, 0x81, 0x82, 0x7F, 0x7F, 0x80, 
0x81, 0x80, 0x7F, 0x81, 0x82, 0x80, 0x7F, 0x80, 0x81, 0x81, 0x81, 0x80, 0x80, 0x7F, 0x80, 0x81, 
0x80, 0x81, 0x80, 0x81, 0x81, 0x81, 0x81, 0x7D, 0x7E, 0x80, 0x83, 0x80, 0x7C, 0x7D, 0x81, 0x82, 
0x82, 0x80, 0x7F, 0x81, 0x83, 0x84, 0x7F, 0x7E, 0x7F, 0x81, 0x82, 0x82, 0x7F, 0x7E, 0x7E, 0x80, 
0x80, 0x7F, 0x80, 0x80, 0x80, 0x7F, 0x7F, 0x7F, 0x80, 0x80, 0x81, 0x80, 0x7F, 0x81, 0x81, 0x80, 
0x80, 0x7F, 0x82, 0x81, 0x7F, 0x7D, 0x7F, 0x83, 0x83, 0x7F, 0x7F, 0x80, 0x81, 0x7E, 0x7F, 0x80, 
0x82, 0x81, 0x80, 0x81, 0x80, 0x80, 0x80, 0x7F, 0x7F, 0x80, 0x80, 0x7F, 0x7E, 0x80, 0x82, 0x83, 
0x80, 0x80, 0x7E, 0x80, 0x80, 0x80, 0x74, 0x77, 0x8C, 0xA8, 0x9F, 0x74, 0x5D, 0x6C, 0x91, 0x98, 
0x7C, 0x5C, 0x5D, 0x83, 0xA3, 0x9B, 0x75, 0x5D, 0x73, 0x97, 0xA3, 0x8B, 0x6A, 0x66, 0x83, 0xA0, 
0x9B, 0x78, 0x61, 0x6D, 0x8B, 0x9D, 0x8E, 0x6F, 0x5D, 0x71, 0x91, 0xA0, 0x85, 0x63, 0x63, 0x84, 
0x9E, 0x97, 0x72, 0x5C, 0x6D, 0x92, 0xA2, 0x8A, 0x64, 0x61, 0x81, 0xA0, 0x9D, 0x7B, 0x5E, 0x6A, 
0x8E, 0xA4, 0x8E, 0x68, 0x5D, 0x7B, 0x9D, 0xA1, 0x82, 0x61, 0x65, 0x88, 0xA3, 0x94, 0x6B, 0x59, 
0x77, 0x9C, 0xA3, 0x81, 0x5E, 0x64, 0x8E, 0xA8, 0x97, 0x6D, 0x59, 0x72, 0x96, 0xA0, 0x88, 0x69, 
0x65, 0x7E, 0x94, 0x91, 0x7B, 0x6E, 0x76, 0x85, 0x8A, 0x86, 0x7B, 0x78, 0x7F, 0x86, 0x88, 0x81, 
0x7A, 0x7A, 0x82, 0x8C, 0x8E, 0x7C, 0x67, 0x70, 0x90, 0xA0, 0x87, 0x60, 0x64, 0x86, 0xA0, 0x94, 
0x78, 0x6A, 0x79, 0x8E, 0x95, 0x86, 0x70, 0x6B, 0x7F, 0x93, 0x91, 0x7B, 0x64, 0x6B, 0x88, 0x9E, 
0x92, 0x6C, 0x5D, 0x76, 0x9B, 0xA1, 0x82, 0x62, 0x65, 0x88, 0xA2, 0x96, 0x71, 0x5C, 0x72, 0x98, 
0xA4, 0x88, 0x62, 0x5F, 0x7E, 0xA0, 0x9D, 0x7A, 0x5D, 0x69, 0x8F, 0xA5, 0x92, 0x6C, 0x5D, 0x76, 
0x97, 0x9E, 0x81, 0x61, 0x62, 0x84, 0xA2, 0x99, 0x74, 0x5B, 0x6F, 0x97, 0xA6, 0x88, 0x60, 0x61, 
0x84, 0xA2, 0x98, 0x73, 0x5E, 0x6F, 0x94, 0xA3, 0x89, 0x64, 0x5D, 0x7F, 0xA2, 0xA0, 0x79, 0x5A, 
0x67, 0x90, 0xA7, 0x8E, 0x67, 0x5E, 0x7B, 0x9D, 0x9D, 0x7B, 0x5F, 0x6B, 0x8F, 0xA2, 0x8C, 0x68, 
0x5F, 0x7D, 0x9E, 0xA0, 0x7E, 0x5E, 0x66, 0x8D, 0xA7, 0x93, 0x6B, 0x5B, 0x79, 0x9B, 0xA0, 0x7F, 
0x61, 0x65, 0x87, 0xA1, 0x97, 0x72, 0x5D, 0x70, 0x95, 0xA2, 0x87, 0x64, 0x62, 0x81, 0x9F, 0x99, 
0x77, 0x5E, 0x6D, 0x92, 0xA4, 0x8C, 0x65, 0x5D, 0x7D, 0x9F, 0x9F, 0x7E, 0x5F, 0x66, 0x89, 0xA5, 
0x96, 0x6F, 0x59, 0x72, 0x98, 0xA3, 0x85, 0x63, 0x61, 0x83, 0xA1, 0x9A, 0x76, 0x5D, 0x6B, 0x91, 
0xA2, 0x8C, 0x67, 0x60, 0x7C, 0x9E, 0x9D, 0x7B, 0x5F, 0x68, 0x8F, 0xA4, 0x91, 0x6A, 0x5E, 0x7A, 
0x9D, 0xA0, 0x7D, 0x5E, 0x65, 0x8A, 0xA4, 0x93, 0x6C, 0x5C, 0x75, 0x9B, 0xA4, 0x81, 0x5E, 0x62, 
0x87, 0xA3, 0x96, 0x6E, 0x5A, 0x73, 0x98, 0xA5, 0x85, 0x5F, 0x63, 0x88, 0xA5, 0x99, 0x72, 0x5C, 
0x70, 0x96, 0xA3, 0x89, 0x63, 0x61, 0x80, 0xA2, 0x9C, 0x75, 0x5C, 0x6A, 0x90, 0xA3, 0x8F, 0x68, 
0x5C, 0x7A, 0x9D, 0xA1, 0x7F, 0x5D, 0x66, 0x8C, 0xA6, 0x92, 0x6E, 0x5C, 0x76, 0x9B, 0xA4, 0x82, 
0x60, 0x61, 0x87, 0xA4, 0x9A, 0x70, 0x5A, 0x6C, 0x96, 0xA4, 0x8B, 0x64, 0x5C, 0x7E, 0xA5, 0xA2, 
0x79, 0x59, 0x66, 0x8F, 0xA7, 0x92, 0x68, 0x5C, 0x78, 0x9F, 0xA2, 0x7E, 0x5C, 0x65, 0x8D, 0xA9, 
0x95, 0x68, 0x58, 0x76, 0x9E, 0xA6, 0x84, 0x5C, 0x5F, 0x88, 0xA4, 0x9B, 0x6F, 0x59, 0x6E, 0x99, 
0xA7, 0x88, 0x5D, 0x5E, 0x83, 0xA5, 0x9D, 0x72, 0x56, 0x69, 0x99, 0xAA, 0x8B, 0x5F, 0x5A, 0x80, 
0xA7, 0xA3, 0x77, 0x57, 0x65, 0x92, 0xAB, 0x93, 0x64, 0x59, 0x7A, 0xA1, 0xA1, 0x7C, 0x5B, 0x64, 
0x8C, 0xA7, 0x94, 0x67, 0x57, 0x77, 0xA1, 0xA4, 0x7F, 0x5B, 0x61, 0x8A, 0xA6, 0x96, 0x6B, 0x57, 
0x71, 0x99, 0xA4, 0x86, 0x5D, 0x60, 0x88, 0xA6, 0x98, 0x72, 0x5A, 0x6D, 0x98, 0xAB, 0x8A, 0x5F, 
0x58, 0x82, 0xAA, 0xA2, 0x75, 0x55, 0x67, 0x90, 0xA9, 0x92, 0x60, 0x55, 0x7B, 0xA4, 0xA5, 0x7A, 
0x55, 0x64, 0x92, 0xAF, 0x93, 0x66, 0x56, 0x77, 0xA2, 0xA8, 0x7F, 0x5A, 0x5C, 0x88, 0xA9, 0x99, 
0x6A, 0x59, 0x71, 0x98, 0xA6, 0x8D, 0x62, 0x5B, 0x80, 0xA5, 0xA1, 0x77, 0x55, 0x69, 0x96, 0xA3, 
0x8A, 0x66, 0x5C, 0x7B, 0xA2, 0xA1, 0x75, 0x57, 0x68, 0x8B, 0x98, 0x91, 0x8B, 0x87, 0x7C, 0x68, 
0x6C, 0x85, 0x98, 0x86, 0x70, 0x71, 0x86, 0x84, 0x7A, 0x75, 0x7F, 0x84, 0x8D, 0x91, 0x8B, 0x85, 
0x89, 0x87, 0x80, 0x7B, 0x7A, 0x77, 0x75, 0x70, 0x67, 0x6E, 0x7A, 0x7B, 0x80, 0x87, 0x90, 0x9B, 
0x9F, 0x95, 0x87, 0x80, 0x73, 0x65, 0x72, 0x87, 0x8E, 0x7A, 0x6A, 0x78, 0x80, 0x79, 0x7A, 0x82, 
0x81, 0x80, 0x91, 0x95, 0x91, 0x8C, 0x85, 0x7B, 0x79, 0x7D, 0x7F, 0x77, 0x6E, 0x64, 0x6B, 0x77, 
0x80, 0x80, 0x85, 0x91, 0x9C, 0x9F, 0x95, 0x87, 0x81, 0x7A, 0x67, 0x6D, 0x81, 0x8D, 0x7F, 0x77, 
0x7A, 0x81, 0x72, 0x74, 0x7C, 0x8A, 0x86, 0x8E, 0x89, 0x85, 0x8E, 0x93, 0x81, 0x76, 0x76, 0x79, 
0x7B, 0x76, 0x6E, 0x64, 0x6B, 0x7C, 0x86, 0x8A, 0x8C, 0x94, 0x9D, 0x9B, 0x8E, 0x86, 0x83, 0x6B, 
0x5C, 0x75, 0x8D, 0x8C, 0x76, 0x6F, 0x7F, 0x82, 0x75, 0x77, 0x84, 0x87, 0x8A, 0x95, 0x8E, 0x8A, 
0x8A, 0x89, 0x82, 0x7A, 0x72, 0x74, 0x78, 0x71, 0x66, 0x69, 0x74, 0x7E, 0x84, 0x8E, 0x95, 0x97, 
0x98, 0x97, 0x90, 0x88, 0x7A, 0x61, 0x60, 0x7B, 0x95, 0x8A, 0x72, 0x6E, 0x80, 0x7D, 0x7F, 0x83, 
0x85, 0x7C, 0x89, 0x93, 0x91, 0x8C, 0x88, 0x7B, 0x77, 0x77, 0x78, 0x77, 0x73, 0x70, 0x6A, 0x74, 
0x81, 0x84, 0x85, 0x8B, 0x96, 0x9D, 0x96, 0x8B, 0x84, 0x84, 0x6D, 0x5D, 0x72, 0x8D, 0x93, 0x7E, 
0x6E, 0x7C, 0x7E, 0x75, 0x7D, 0x86, 0x7C, 0x7E, 0x90, 0x92, 0x8D, 0x8C, 0x87, 0x7E, 0x79, 0x7E, 
0x7E, 0x76, 0x6F, 0x6B, 0x74, 0x7B, 0x7F, 0x81, 0x87, 0x91, 0x98, 0x97, 0x8F, 0x89, 0x85, 0x77, 
0x64, 0x69, 0x80, 0x92, 0x85, 0x72, 0x73, 0x81, 0x79, 0x78, 0x80, 0x85, 0x7D, 0x8A, 0x90, 0x8B, 
0x8A, 0x8C, 0x82, 0x7D, 0x7B, 0x7F, 0x7A, 0x70, 0x6F, 0x6F, 0x77, 0x82, 0x80, 0x83, 0x8C, 0x95, 
0x98, 0x8F, 0x86, 0x80, 0x81, 0x72, 0x6A, 0x77, 0x8B, 0x8D, 0x7E, 0x75, 0x80, 0x80, 0x77, 0x7C, 
0x85, 0x7E, 0x7F, 0x8C, 0x89, 0x88, 0x8D, 0x88, 0x7C, 0x79, 0x7D, 0x7A, 0x75, 0x72, 0x71, 0x78, 
0x7E, 0x81, 0x84, 0x89, 0x8E, 0x92, 0x8E, 0x87, 0x84, 0x84, 0x79, 0x6A, 0x6F, 0x82, 0x8E, 0x83, 
0x74, 0x79, 0x81, 0x79, 0x7A, 0x81, 0x83, 0x7D, 0x87, 0x8D, 0x88, 0x89, 0x8E, 0x81, 0x7C, 0x7B, 
0x7C, 0x7B, 0x73, 0x72, 0x73, 0x7A, 0x80, 0x82, 0x85, 0x89, 0x93, 0x94, 0x8F, 0x84, 0x82, 0x82, 
0x72, 0x6A, 0x77, 0x87, 0x89, 0x7C, 0x77, 0x7F, 0x7D, 0x78, 0x80, 0x86, 0x81, 0x82, 0x8D, 0x8B, 
0x87, 0x8C, 0x87, 0x7E, 0x7A, 0x7A, 0x7B, 0x78, 0x70, 0x6E, 0x76, 0x7C, 0x83, 0x83, 0x86, 0x8C, 
0x91, 0x91, 0x87, 0x82, 0x83, 0x7E, 0x6D, 0x70, 0x7F, 0x8B, 0x83, 0x77, 0x79, 0x7E, 0x77, 0x7D, 
0x83, 0x85, 0x81, 0x89, 0x8F, 0x8B, 0x87, 0x86, 0x81, 0x7E, 0x7C, 0x7C, 0x7A, 0x72, 0x70, 0x74, 
0x7B, 0x81, 0x82, 0x85, 0x8A, 0x8D, 0x90, 0x8F, 0x86, 0x81, 0x83, 0x76, 0x6C, 0x74, 0x84, 0x89, 
0x81, 0x77, 0x7F, 0x7F, 0x7B, 0x80, 0x86, 0x82, 0x82, 0x8C, 0x8B, 0x86, 0x87, 0x84, 0x7E, 0x79, 
0x7A, 0x7B, 0x7A, 0x72, 0x70, 0x76, 0x7F, 0x83, 0x81, 0x86, 0x8A, 0x90, 0x8E, 0x8A, 0x85, 0x82, 
0x7B, 0x6E, 0x71, 0x7D, 0x8B, 0x87, 0x7A, 0x75, 0x80, 0x80, 0x81, 0x87, 0x87, 0x82, 0x86, 0x87, 
0x82, 0x86, 0x8C, 0x83, 0x7C, 0x78, 0x7A, 0x78, 0x76, 0x75, 0x73, 0x7C, 0x80, 0x82, 0x85, 0x88, 
0x8E, 0x8C, 0x8D, 0x84, 0x7F, 0x84, 0x7A, 0x70, 0x76, 0x81, 0x8A, 0x7F, 0x76, 0x7C, 0x83, 0x7D, 
0x7D, 0x81, 0x82, 0x81, 0x88, 0x88, 0x86, 0x89, 0x86, 0x7D, 0x79, 0x7D, 0x7D, 0x7D, 0x78, 0x75, 
0x78, 0x79, 0x7F, 0x7E, 0x88, 0x8C, 0x8D, 0x8A, 0x88, 0x7D, 0x7F, 0x8D, 0x94, 0x86, 0x5E, 0x4E, 
0x5F, 0x8B, 0xA1, 0xA1, 0x90, 0x79, 0x76, 0x6E, 0x74, 0x85, 0x95, 0x97, 0x84, 0x73, 0x6C, 0x70, 
0x82, 0x8F, 0x95, 0x8B, 0x7F, 0x71, 0x71, 0x80, 0x8D, 0x92, 0x8E, 0x7C, 0x6A, 0x5B, 0x6A, 0x7E, 
0x8E, 0x92, 0x83, 0x70, 0x68, 0x6D, 0x86, 0x94, 0xA7, 0xA2, 0x89, 0x75, 0x73, 0x85, 0x92, 0x94, 
0x95, 0x80, 0x72, 0x5E, 0x65, 0x71, 0x83, 0x88, 0x7E, 0x61, 0x54, 0x5D, 0x82, 0xA7, 0xA8, 0xA0, 
0x86, 0x78, 0x6D, 0x77, 0x89, 0x90, 0x91, 0x88, 0x78, 0x6D, 0x6A, 0x7F, 0x8E, 0x9B, 0x93, 0x81, 
0x76, 0x6A, 0x73, 0x82, 0x8F, 0x90, 0x83, 0x75, 0x62, 0x5E, 0x75, 0x8A, 0x9A, 0x91, 0x7D, 0x6E, 
0x5F, 0x73, 0x90, 0xA1, 0xA6, 0x93, 0x7E, 0x6B, 0x71, 0x8A, 0x93, 0x9E, 0x8E, 0x7B, 0x67, 0x5C, 
0x6A, 0x7F, 0x90, 0x8D, 0x7A, 0x56, 0x4F, 0x60, 0x92, 0xAE, 0xAF, 0x96, 0x79, 0x72, 0x65, 0x7D, 
0x90, 0x9D, 0x9A, 0x85, 0x70, 0x67, 0x69, 0x87, 0x93, 0xA4, 0x8B, 0x80, 0x67, 0x62, 0x72, 0x88, 
0x93, 0x92, 0x7A, 0x69, 0x59, 0x6D, 0x83, 0x98, 0x9A, 0x8C, 0x76, 0x67, 0x67, 0x85, 0x96, 0xA7, 
0x9B, 0x87, 0x6D, 0x68, 0x76, 0x93, 0x9C, 0xA1, 0x84, 0x71, 0x5B, 0x63, 0x74, 0x8B, 0x8E, 0x88, 
0x65, 0x4D, 0x4D, 0x77, 0xA6, 0xB0, 0xA7, 0x87, 0x76, 0x69, 0x71, 0x8A, 0x9B, 0xA3, 0x8E, 0x79, 
0x67, 0x69, 0x79, 0x8B, 0x9B, 0x96, 0x81, 0x71, 0x5D, 0x6C, 0x80, 0x92, 0x96, 0x85, 0x6F, 0x5F, 
0x61, 0x7A, 0x8E, 0x9D, 0x92, 0x7D, 0x6C, 0x63, 0x77, 0x92, 0xA3, 0xA2, 0x8D, 0x7B, 0x69, 0x70, 
0x8B, 0x95, 0xA0, 0x91, 0x79, 0x66, 0x5F, 0x70, 0x82, 0x90, 0x92, 0x7B, 0x5E, 0x4F, 0x62, 0x91, 
0xA8, 0xA9, 0x95, 0x79, 0x6C, 0x62, 0x7C, 0x8F, 0x9E, 0x99, 0x82, 0x6D, 0x67, 0x6D, 0x89, 0x9A, 
0x9F, 0x84, 0x77, 0x6F, 0x77, 0x81, 0x7F, 0x78, 0x7C, 0x7B, 0x7A, 0x79, 0x81, 0x81, 0x84, 0x86, 
0x84, 0x80, 0x7E, 0x7C, 0x85, 0x88, 0x8B, 0x89, 0x84, 0x7C, 0x7B, 0x84, 0x89, 0x84, 0x87, 0x7F, 
0x7D, 0x7A, 0x7E, 0x78, 0x7C, 0x7F, 0x7E, 0x6F, 0x6F, 0x73, 0x84, 0x92, 0x8D, 0x8C, 0x84, 0x84, 
0x85, 0x82, 0x81, 0x7F, 0x80, 0x81, 0x7D, 0x83, 0x7F, 0x7C, 0x7C, 0x83, 0x84, 0x7F, 0x83, 0x7E, 
0x7D, 0x80, 0x81, 0x83, 0x80, 0x7B, 0x78, 0x79, 0x7D, 0x7D, 0x84, 0x81, 0x7E, 0x7F, 0x80, 0x83, 
0x85, 0x89, 0x89, 0x89, 0x86, 0x83, 0x82, 0x88, 0x85, 0x84, 0x80, 0x7C, 0x7B, 0x79, 0x76, 0x77, 
0x7A, 0x7F, 0x74, 0x6E, 0x73, 0x7B, 0x8F, 0x8F, 0x8D, 0x85, 0x7F, 0x88, 0x83, 0x84, 0x7F, 0x7E, 
0x7F, 0x7E, 0x7E, 0x83, 0x7D, 0x81, 0x81, 0x86, 0x83, 0x81, 0x7C, 0x7E, 0x81, 0x81, 0x81, 0x80, 
0x7E, 0x76, 0x77, 0x7A, 0x7D, 0x7F, 0x81, 0x81, 0x7F, 0x7E, 0x7F, 0x85, 0x89, 0x8C, 0x8D, 0x89, 
0x80, 0x86, 0x84, 0x85, 0x7D, 0x81, 0x7C, 0x7A, 0x7B, 0x7B, 0x7A, 0x7A, 0x7C, 0x79, 0x70, 0x73, 
0x78, 0x87, 0x93, 0x8D, 0x8E, 0x81, 0x80, 0x7F, 0x84, 0x86, 0x80, 0x7F, 0x7E, 0x80, 0x83, 0x7E, 
0x82, 0x80, 0x7D, 0x80, 0x80, 0x83, 0x7D, 0x7F, 0x7C, 0x80, 0x81, 0x7C, 0x79, 0x7A, 0x7C, 0x80, 
0x7F, 0x82, 0x7E, 0x7D, 0x80, 0x7F, 0x83, 0x83, 0x86, 0x84, 0x85, 0x87, 0x85, 0x82, 0x85, 0x87, 
0x85, 0x83, 0x7B, 0x7E, 0x7A, 0x7C, 0x7F, 0x7F, 0x7B, 0x76, 0x74, 0x77, 0x79, 0x8A, 0x8A, 0x86, 
0x82, 0x81, 0x87, 0x81, 0x86, 0x83, 0x7E, 0x7F, 0x80, 0x7E, 0x7C, 0x7F, 0x84, 0x80, 0x80, 0x81, 
0x83, 0x81, 0x82, 0x82, 0x7D, 0x7D, 0x7E, 0x81, 0x7E, 0x7A, 0x7E, 0x7D, 0x80, 0x80, 0x80, 0x7E, 
0x7C, 0x7F, 0x83, 0x86, 0x8B, 0x87, 0x88, 0x83, 0x84, 0x89, 0x88, 0x70, 0x78, 0x93, 0x94, 0x67, 
0x66, 0x91, 0x8F, 0x5B, 0x69, 0x96, 0x82, 0x4B, 0x87, 0xBA, 0x79, 0x59, 0x9E, 0xA6, 0x5A, 0x6E, 
0xB5, 0x8F, 0x4E, 0x7D, 0xB3, 0x7A, 0x4B, 0x94, 0xAF, 0x65, 0x57, 0xAC, 0x9F, 0x47, 0x6D, 0xB8, 
0x84, 0x43, 0x85, 0xB1, 0x66, 0x4C, 0x9C, 0xA3, 0x53, 0x5E, 0xB5, 0x97, 0x43, 0x7E, 0xC4, 0x7E, 
0x45, 0xA0, 0xBA, 0x58, 0x57, 0xBB, 0xA2, 0x46, 0x6E, 0xBC, 0x80, 0x3C, 0x87, 0xB4, 0x5F, 0x48, 
0xA5, 0xA3, 0x42, 0x5D, 0xC4, 0x9A, 0x46, 0x82, 0xC6, 0x78, 0x40, 0x9D, 0xB9, 0x5B, 0x50, 0xB4, 
0xA3, 0x42, 0x67, 0xC0, 0x88, 0x3B, 0x89, 0xC6, 0x65, 0x41, 0xA7, 0xB1, 0x45, 0x55, 0xBF, 0x93, 
0x34, 0x76, 0xC3, 0x7A, 0x3E, 0x95, 0xBA, 0x5A, 0x4E, 0xBA, 0xAA, 0x46, 0x6A, 0xC8, 0x8A, 0x3E, 
0x8B, 0xC5, 0x6A, 0x42, 0xA1, 0xB3, 0x50, 0x54, 0xB4, 0x9A, 0x3B, 0x6D, 0xB9, 0x79, 0x35, 0x90, 
0xC9, 0x6A, 0x4D, 0xAB, 0xB0, 0x4C, 0x60, 0xBE, 0x92, 0x41, 0x7E, 0xC1, 0x77, 0x41, 0x9B, 0xB6, 
0x5A, 0x54, 0xB3, 0xA4, 0x44, 0x69, 0xBD, 0x85, 0x41, 0x87, 0xB9, 0x63, 0x45, 0xA5, 0xB0, 0x50, 
0x5F, 0xBA, 0x98, 0x3E, 0x7B, 0xC3, 0x7C, 0x40, 0x99, 0xBA, 0x5B, 0x50, 0xB3, 0xA4, 0x44, 0x68, 
0xC1, 0x88, 0x3C, 0x84, 0xC0, 0x65, 0x41, 0xA3, 0xAB, 0x46, 0x59, 0xC2, 0x9D, 0x42, 0x7E, 0xC2, 
0x7A, 0x3D, 0x9D, 0xBE, 0x5A, 0x4B, 0xB2, 0xA6, 0x47, 0x67, 0xC3, 0x89, 0x3B, 0x86, 0xC6, 0x6A, 
0x3F, 0xA2, 0xB6, 0x50, 0x56, 0xB7, 0x9C, 0x3C, 0x70, 0xC4, 0x80, 0x3A, 0x8F, 0xC3, 0x65, 0x44, 
0xAE, 0xB3, 0x4C, 0x5A, 0xC1, 0x9A, 0x41, 0x78, 0xC6, 0x7C, 0x40, 0x95, 0xBB, 0x5A, 0x4C, 0xAE, 
0xA4, 0x3F, 0x65, 0xBD, 0x84, 0x38, 0x8B, 0xC8, 0x6D, 0x4B, 0xA6, 0xB0, 0x4E, 0x5E, 0xBC, 0x94, 
0x3E, 0x78, 0xC8, 0x8B, 0x44, 0x77, 0xA0, 0x71, 0x67, 0x99, 0x96, 0x69, 0x80, 0xA4, 0x85, 0x69, 
0x89, 0x92, 0x72, 0x6C, 0x8C, 0x8B, 0x6F, 0x73, 0x8A, 0x85, 0x6C, 0x7C, 0x92, 0x7F, 0x70, 0x89, 
0x90, 0x79, 0x79, 0x8E, 0x87, 0x79, 0x85, 0x8C, 0x7F, 0x74, 0x83, 0x8A, 0x7A, 0x75, 0x86, 0x86, 
0x78, 0x78, 0x85, 0x81, 0x81, 0x86, 0x7E, 0x79, 0x7F, 0x86, 0x80, 0x79, 0x7C, 0x80, 0x80, 0x7F, 
0x7E, 0x80, 0x81, 0x82, 0x81, 0x80, 0x7F, 0x81, 0x81, 0x80, 0x80, 0x81, 0x81, 0x80, 0x82, 0x7F, 
0x7D, 0x81, 0x83, 0x7E, 0x7D, 0x83, 0x85, 0x81, 0x80, 0x83, 0x82, 0x80, 0x80, 0x84, 0x80, 0x7C, 
0x81, 0x84, 0x7D, 0x7B, 0x84, 0x84, 0x7C, 0x7B, 0x80, 0x82, 0x7F, 0x7F, 0x7F, 0x7F, 0x82, 0x84, 
0x84, 0x80, 0x7C, 0x81, 0x81, 0x7F, 0x7D, 0x82, 0x80, 0x7F, 0x80, 0x81, 0x7F, 0x80, 0x82, 0x80, 
0x80, 0x81, 0x81, 0x82, 0x82, 0x7E, 0x7D, 0x83, 0x84, 0x7E, 0x7A, 0x7E, 0x82, 0x83, 0x80, 0x80, 
0x81, 0x81, 0x81, 0x86, 0x83, 0x7D, 0x7F, 0x84, 0x82, 0x7E, 0x7E, 0x82, 0x80, 0x7F, 0x7E, 0x81, 
0x81, 0x80, 0x83, 0x80, 0x7B, 0x7F, 0x88, 0x81, 0x78, 0x7E, 0x87, 0x82, 0x7C, 0x7D, 0x80, 0x81, 
0x83, 0x83, 0x80, 0x81, 0x83, 0x83, 0x7E, 0x7E, 0x80, 0x82, 0x7E, 0x81, 0x84, 0x80, 0x7A, 0x7E, 
0x85, 0x81, 0x7C, 0x7E, 0x80, 0x83, 0x81, 0x7E, 0x7E, 0x82, 0x84, 0x80, 0x80, 0x80, 0x81, 0x82, 
0x81, 0x7E, 0x7F, 0x82, 0x81, 0x7F, 0x7F, 0x81, 0x82, 0x81, 0x7D, 0x80, 0x82, 0x80, 0x7C, 0x82, 
0x83, 0x7E, 0x7D, 0x81, 0x83, 0x81, 0x80, 0x80, 0x82, 0x81, 0x7E, 0x7F, 0x81, 0x82, 0x80, 0x80, 
0x80, 0x82, 0x83, 0x7E, 0x7D, 0x82, 0x84, 0x7F, 0x7F, 0x82, 0x80, 0x7C, 0x7F, 0x82, 0x82, 0x80, 
0x7F, 0x80, 0x81, 0x7F, 0x7E, 0x7F, 0x81, 0x81, 0x81, 0x7E, 0x7F, 0x82, 0x82, 0x75, 0x79, 0x8F, 
0xA1, 0x8A, 0x60, 0x62, 0x8D, 0xA5, 0x81, 0x54, 0x63, 0x92, 0xA6, 0x80, 0x5B, 0x6B, 0x99, 0xA9, 
0x81, 0x5C, 0x6E, 0x9E, 0xAA, 0x7D, 0x56, 0x71, 0xA2, 0xA4, 0x73, 0x52, 0x72, 0xA3, 0xA5, 0x6F, 
0x51, 0x71, 0xA5, 0xA6, 0x70, 0x4C, 0x73, 0xA9, 0xA5, 0x69, 0x4E, 0x76, 0xAD, 0xA6, 0x6A, 0x4D, 
0x7C, 0xB4, 0xA5, 0x65, 0x4C, 0x80, 0xB7, 0xA2, 0x5F, 0x48, 0x81, 0xB2, 0x9D, 0x5E, 0x4F, 0x82, 
0xB1, 0x9B, 0x5E, 0x4E, 0x84, 0xB4, 0x99, 0x5C, 0x54, 0x88, 0xB2, 0x95, 0x5D, 0x54, 0x8A, 0xB2, 
0x94, 0x58, 0x53, 0x89, 0xB3, 0x93, 0x58, 0x55, 0x8E, 0xB4, 0x91, 0x57, 0x56, 0x8E, 0xB3, 0x8E, 
0x56, 0x5A, 0x93, 0xB4, 0x8B, 0x52, 0x5B, 0x96, 0xB3, 0x85, 0x52, 0x5E, 0x97, 0xB4, 0x86, 0x4F, 
0x5B, 0x98, 0xB4, 0x83, 0x4E, 0x5E, 0x9B, 0xB4, 0x81, 0x50, 0x61, 0x9D, 0xB2, 0x81, 0x4E, 0x62, 
0x9E, 0xB0, 0x7B, 0x4E, 0x66, 0xA1, 0xB0, 0x7C, 0x4F, 0x68, 0xA3, 0xAD, 0x76, 0x4D, 0x6C, 0xA5, 
0xAC, 0x74, 0x4F, 0x6E, 0xA6, 0xA9, 0x72, 0x4E, 0x71, 0xA8, 0xAA, 0x71, 0x4D, 0x73, 0xAC, 0xAA, 
0x6D, 0x4C, 0x77, 0xAC, 0xA8, 0x6A, 0x4D, 0x76, 0xAC, 0xA4, 0x67, 0x4F, 0x79, 0xAF, 0xA3, 0x66, 
0x4C, 0x7C, 0xB2, 0xA0, 0x61, 0x4D, 0x7F, 0xB1, 0x9D, 0x5E, 0x4C, 0x83, 0xB5, 0x9D, 0x5C, 0x4F, 
0x88, 0xB6, 0x98, 0x5A, 0x53, 0x8B, 0xB5, 0x95, 0x57, 0x51, 0x8B, 0xB6, 0x92, 0x56, 0x54, 0x90, 
0xB4, 0x8F, 0x54, 0x58, 0x91, 0xB5, 0x8B, 0x51, 0x58, 0x96, 0xB7, 0x87, 0x50, 0x5D, 0x9C, 0xB3, 
0x82, 0x4E, 0x62, 0xA0, 0xB2, 0x7E, 0x4F, 0x67, 0xA1, 0xB0, 0x7B, 0x4D, 0x67, 0xA1, 0xAF, 0x78, 
0x4D, 0x6B, 0xA7, 0xAE, 0x74, 0x4C, 0x6D, 0xA7, 0xAB, 0x72, 0x4D, 0x6F, 0xA7, 0xA9, 0x71, 0x4C, 
0x70, 0xAB, 0xA7, 0x6D, 0x4F, 0x76, 0x9E, 0x9A, 0x7C, 0x75, 0x85, 0x8D, 0x84, 0x76, 0x75, 0x7F, 
0x85, 0x81, 0x75, 0x75, 0x81, 0x8B, 0x84, 0x7B, 0x79, 0x81, 0x89, 0x87, 0x7E, 0x7A, 0x80, 0x87, 
0x87, 0x7E, 0x79, 0x7F, 0x87, 0x83, 0x7D, 0x7C, 0x80, 0x81, 0x80, 0x7D, 0x7E, 0x80, 0x83, 0x81, 
0x7E, 0x7D, 0x81, 0x81, 0x80, 0x82, 0x81, 0x7B, 0x7C, 0x85, 0x88, 0x80, 0x7A, 0x7C, 0x83, 0x88, 
0x84, 0x7C, 0x77, 0x7F, 0x88, 0x85, 0x7E, 0x7B, 0x81, 0x84, 0x83, 0x7E, 0x7E, 0x81, 0x83, 0x81, 
0x7F, 0x81, 0x84, 0x82, 0x7E, 0x7C, 0x7E, 0x83, 0x85, 0x80, 0x7B, 0x7D, 0x83, 0x86, 0x83, 0x7B, 
0x78, 0x7E, 0x85, 0x85, 0x81, 0x7E, 0x81, 0x83, 0x80, 0x7D, 0x7F, 0x83, 0x81, 0x7F, 0x7D, 0x82, 
0x85, 0x84, 0x80, 0x7C, 0x7D, 0x82, 0x88, 0x82, 0x79, 0x78, 0x80, 0x87, 0x84, 0x7F, 0x7D, 0x80, 
0x80, 0x82, 0x7F, 0x81, 0x85, 0x82, 0x7B, 0x7C, 0x83, 0x89, 0x84, 0x7F, 0x7C, 0x7E, 0x81, 0x84, 
0x80, 0x7D, 0x80, 0x84, 0x84, 0x82, 0x80, 0x7D, 0x7D, 0x81, 0x85, 0x83, 0x80, 0x7F, 0x7F, 0x7E, 
0x7F, 0x83, 0x84, 0x7F, 0x7B, 0x7B, 0x81, 0x87, 0x83, 0x7C, 0x7A, 0x83, 0x86, 0x83, 0x7B, 0x78, 
0x7E, 0x84, 0x83, 0x80, 0x7B, 0x7D, 0x81, 0x82, 0x83, 0x84, 0x83, 0x7F, 0x7F, 0x84, 0x83, 0x7E, 
0x7C, 0x7E, 0x7E, 0x7C, 0x7F, 0x82, 0x81, 0x80, 0x82, 0x86, 0x83, 0x7F, 0x7D, 0x80, 0x83, 0x82, 
0x7F, 0x7F, 0x7F, 0x81, 0x7D, 0x7C, 0x7E, 0x80, 0x81, 0x81, 0x82, 0x85, 0x84, 0x84, 0x83, 0x7F, 
0x7C, 0x7F, 0x82, 0x81, 0x7E, 0x80, 0x80, 0x7F, 0x7D, 0x81, 0x85, 0x80, 0x81, 0x81, 0x7F, 0x7B, 
0x7D, 0x82, 0x82, 0x7E, 0x7D, 0x7F, 0x81, 0x83, 0x83, 0x80, 0x7F, 0x81, 0x80, 0x7E, 0x7F, 0x82, 
0x84, 0x80, 0x7C, 0x7D, 0x80, 0x80, 0x82, 0x81, 0x7F, 0x7F, 0x80, 0x81, 0x81, 0x81, 0x7C, 0x80, 
0x86, 0x7E, 0x6D, 0x6D, 0x8D, 0xA7, 0x9E, 0x7B, 0x66, 0x5E, 0x70, 0x91, 0xA4, 0x85, 0x5E, 0x61, 
0x8F, 0xA2, 0x8D, 0x6D, 0x60, 0x6F, 0x97, 0xAD, 0x9E, 0x73, 0x5F, 0x7D, 0xA0, 0xA0, 0x85, 0x61, 
0x4C, 0x69, 0x92, 0x9B, 0x76, 0x4F, 0x53, 0x7B, 0xA6, 0xB3, 0x98, 0x74, 0x6E, 0x8C, 0xAB, 0xA4, 
0x7B, 0x4B, 0x47, 0x7E, 0xB7, 0xA1, 0x6F, 0x4F, 0x66, 0x86, 0x9D, 0x95, 0x7D, 0x5F, 0x6B, 0x9C, 
0xB2, 0x9F, 0x7A, 0x61, 0x69, 0x88, 0xA0, 0x90, 0x68, 0x52, 0x5E, 0x83, 0x92, 0x89, 0x70, 0x5F, 
0x76, 0x9F, 0xB5, 0xA2, 0x7B, 0x69, 0x76, 0x98, 0x9B, 0x7A, 0x5C, 0x62, 0x85, 0x91, 0x8F, 0x7E, 
0x72, 0x5C, 0x70, 0x8F, 0xA3, 0x8B, 0x70, 0x6F, 0x7F, 0x9B, 0xA8, 0x8E, 0x65, 0x5D, 0x73, 0x8F, 
0x94, 0x79, 0x5D, 0x57, 0x70, 0x8E, 0x9E, 0x88, 0x70, 0x76, 0x93, 0xAC, 0xA7, 0x85, 0x69, 0x68, 
0x75, 0x80, 0x8D, 0x87, 0x77, 0x66, 0x74, 0x92, 0x9B, 0x73, 0x5C, 0x6B, 0x8D, 0xA0, 0x9D, 0x83, 
0x69, 0x6E, 0x8E, 0x9F, 0x90, 0x73, 0x5A, 0x64, 0x87, 0x92, 0x87, 0x66, 0x57, 0x70, 0x95, 0xA7, 
0x99, 0x80, 0x6F, 0x83, 0xA1, 0xA8, 0x8D, 0x67, 0x49, 0x61, 0x93, 0xB5, 0x91, 0x5E, 0x46, 0x75, 
0x9B, 0x96, 0x75, 0x69, 0x67, 0x85, 0xA8, 0xA7, 0x86, 0x6F, 0x6D, 0x85, 0x98, 0x98, 0x78, 0x5C, 
0x5D, 0x7A, 0x95, 0x8C, 0x6D, 0x59, 0x67, 0x8E, 0xAD, 0xA9, 0x86, 0x71, 0x75, 0x92, 0xA7, 0x92, 
0x5D, 0x4A, 0x6C, 0xA1, 0xA6, 0x84, 0x60, 0x61, 0x6F, 0x8A, 0x9B, 0x92, 0x6D, 0x62, 0x81, 0xA3, 
0xA8, 0x93, 0x6E, 0x5B, 0x75, 0x9B, 0x9E, 0x81, 0x59, 0x53, 0x74, 0x92, 0x96, 0x7C, 0x5F, 0x66, 
0x8E, 0xB2, 0xB2, 0x89, 0x69, 0x67, 0x85, 0x8F, 0x85, 0x70, 0x6C, 0x75, 0x82, 0x8B, 0x8F, 0x7D, 
0x5D, 0x62, 0x8A, 0xA2, 0x95, 0x74, 0x71, 0x7D, 0x8C, 0x91, 0x88, 0x85, 0x85, 0x7A, 0x72, 0x76, 
0x7C, 0x7F, 0x77, 0x70, 0x70, 0x7E, 0x8E, 0x94, 0x8B, 0x83, 0x8C, 0x8C, 0x8B, 0x8B, 0x82, 0x69, 
0x61, 0x78, 0x95, 0x95, 0x7A, 0x69, 0x75, 0x7F, 0x84, 0x89, 0x89, 0x78, 0x75, 0x83, 0x93, 0x92, 
0x87, 0x7C, 0x7A, 0x7F, 0x87, 0x85, 0x76, 0x6C, 0x6C, 0x76, 0x7C, 0x81, 0x82, 0x7B, 0x7C, 0x88, 
0x98, 0x96, 0x8D, 0x7F, 0x7F, 0x85, 0x81, 0x70, 0x69, 0x75, 0x8B, 0x86, 0x7D, 0x77, 0x83, 0x7D, 
0x7A, 0x7E, 0x8B, 0x87, 0x83, 0x85, 0x87, 0x86, 0x88, 0x86, 0x82, 0x7E, 0x7A, 0x7D, 0x7C, 0x79, 
0x74, 0x75, 0x73, 0x79, 0x83, 0x85, 0x88, 0x8B, 0x8E, 0x8F, 0x8B, 0x86, 0x85, 0x86, 0x76, 0x6A, 
0x71, 0x84, 0x8D, 0x81, 0x75, 0x73, 0x7F, 0x80, 0x82, 0x81, 0x82, 0x82, 0x85, 0x8D, 0x8B, 0x85, 
0x86, 0x81, 0x7B, 0x7D, 0x7D, 0x7C, 0x78, 0x75, 0x73, 0x74, 0x77, 0x7D, 0x84, 0x88, 0x89, 0x8A, 
0x8B, 0x8F, 0x8B, 0x87, 0x86, 0x81, 0x70, 0x69, 0x76, 0x8C, 0x8F, 0x7F, 0x70, 0x77, 0x85, 0x84, 
0x7E, 0x80, 0x7F, 0x82, 0x87, 0x8A, 0x84, 0x82, 0x87, 0x83, 0x7C, 0x80, 0x80, 0x7B, 0x7A, 0x76, 
0x7B, 0x7B, 0x7A, 0x79, 0x7B, 0x83, 0x8C, 0x8F, 0x8A, 0x89, 0x86, 0x88, 0x87, 0x7D, 0x6E, 0x6B, 
0x7C, 0x92, 0x8D, 0x7E, 0x71, 0x7A, 0x81, 0x83, 0x80, 0x83, 0x7E, 0x7F, 0x84, 0x87, 0x80, 0x83, 
0x7F, 0x7F, 0x7D, 0x7E, 0x7D, 0x7B, 0x7B, 0x77, 0x7C, 0x7E, 0x7E, 0x80, 0x80, 0x82, 0x8B, 0x90, 
0x8D, 0x86, 0x81, 0x83, 0x84, 0x7C, 0x71, 0x71, 0x81, 0x90, 0x85, 0x7A, 0x75, 0x80, 0x80, 0x7F, 
0x7C, 0x83, 0x83, 0x83, 0x86, 0x86, 0x84, 0x82, 0x7F, 0x80, 0x7F, 0x7E, 0x7F, 0x7F, 0x78, 0x76, 
0x79, 0x7C, 0x7D, 0x80, 0x84, 0x84, 0x89, 0x8F, 0x8C, 0x89, 0x80, 0x80, 0x7E, 0x79, 0x70, 0x6D, 
0x80, 0x9C, 0x8D, 0x67, 0x62, 0x94, 0x8F, 0x68, 0x70, 0x9B, 0x89, 0x60, 0x80, 0xA4, 0x79, 0x68, 
0x9A, 0xA4, 0x66, 0x6D, 0xA9, 0x92, 0x54, 0x79, 0xA7, 0x7A, 0x4D, 0x89, 0xA0, 0x64, 0x5C, 0xA1, 
0x9B, 0x52, 0x69, 0xA8, 0x84, 0x52, 0x89, 0xB3, 0x7D, 0x67, 0xA6, 0xA5, 0x64, 0x74, 0xB2, 0x90, 
0x4B, 0x7C, 0xB0, 0x6E, 0x43, 0x88, 0x9C, 0x4B, 0x43, 0x99, 0x89, 0x5E, 0x8F, 0xC3, 0x81, 0x4D, 
0x9D, 0xB2, 0x6C, 0x59, 0xAA, 0xA3, 0x4B, 0x69, 0xB9, 0x85, 0x49, 0x86, 0xBF, 0x6C, 0x4D, 0xA0, 
0xAF, 0x5B, 0x59, 0xAA, 0x94, 0x3D, 0x6A, 0xB3, 0x7D, 0x39, 0x88, 0xBA, 0x6C, 0x48, 0xA3, 0xA8, 
0x58, 0x6B, 0xC6, 0x9D, 0x51, 0x7F, 0xC6, 0x83, 0x53, 0x9A, 0xB4, 0x5A, 0x52, 0xA8, 0x9C, 0x3C, 
0x5F, 0xAA, 0x7D, 0x32, 0x70, 0xA7, 0x6E, 0x62, 0xB4, 0xBA, 0x57, 0x5A, 0xB5, 0x9D, 0x4E, 0x76, 
0xB9, 0x7F, 0x48, 0x98, 0xBC, 0x6A, 0x52, 0xA8, 0xA1, 0x4C, 0x6F, 0xB7, 0x89, 0x3C, 0x77, 0xB3, 
0x6F, 0x46, 0x90, 0xA4, 0x58, 0x5A, 0xB0, 0x96, 0x45, 0x76, 0xBA, 0x81, 0x4D, 0x9D, 0xBE, 0x69, 
0x59, 0xAD, 0xAA, 0x5B, 0x73, 0xB8, 0x87, 0x42, 0x84, 0xB6, 0x61, 0x3E, 0x96, 0xA3, 0x46, 0x46, 
0xA4, 0x8F, 0x59, 0x8F, 0xC8, 0x81, 0x49, 0x9E, 0xB5, 0x60, 0x53, 0xAB, 0xA2, 0x48, 0x6F, 0xBD, 
0x85, 0x49, 0x86, 0xBA, 0x61, 0x54, 0xAB, 0xAD, 0x4D, 0x5C, 0xB5, 0x8B, 0x3C, 0x7A, 0xB7, 0x6D, 
0x3E, 0x9F, 0xB5, 0x54, 0x53, 0xB4, 0x9D, 0x4F, 0x7D, 0xC7, 0x81, 0x4E, 0x99, 0xBD, 0x61, 0x5A, 
0xA9, 0xA2, 0x43, 0x6D, 0xB8, 0x7E, 0x36, 0x86, 0xB3, 0x62, 0x39, 0x96, 0x9D, 0x5C, 0x80, 0xC4, 
0x95, 0x45, 0x87, 0xBC, 0x70, 0x4D, 0x9C, 0xB0, 0x56, 0x56, 0xB2, 0x96, 0x4F, 0x75, 0xBA, 0x7E, 
0x4D, 0x96, 0xB2, 0x64, 0x53, 0xA3, 0x9C, 0x46, 0x5B, 0xB2, 0x9B, 0x44, 0x5A, 0xA0, 0x9C, 0x75, 
0x73, 0x6F, 0x7A, 0xA2, 0xB4, 0x6D, 0x50, 0x91, 0xC7, 0x93, 0x55, 0x66, 0x97, 0x9A, 0x80, 0x65, 
0x62, 0x79, 0xA4, 0x8B, 0x4F, 0x46, 0x87, 0xA9, 0x7A, 0x61, 0x7C, 0xA8, 0xAA, 0x80, 0x66, 0x64, 
0x95, 0xAE, 0x85, 0x49, 0x5B, 0xA7, 0xB9, 0x75, 0x4C, 0x70, 0xA7, 0xAE, 0x83, 0x4F, 0x67, 0x9F, 
0xB3, 0x71, 0x41, 0x64, 0xA3, 0xA3, 0x6C, 0x49, 0x71, 0xA7, 0xA3, 0x6A, 0x4B, 0x76, 0xB4, 0xAD, 
0x79, 0x59, 0x81, 0xAF, 0xAB, 0x74, 0x51, 0x75, 0xAD, 0xA1, 0x64, 0x49, 0x73, 0xA5, 0x9D, 0x61, 
0x46, 0x67, 0xA2, 0x9C, 0x6F, 0x5D, 0x88, 0xBF, 0xA6, 0x63, 0x45, 0x84, 0xB6, 0x9A, 0x5C, 0x4E, 
0x82, 0xB5, 0x9F, 0x63, 0x47, 0x87, 0xBF, 0xA2, 0x54, 0x4D, 0x8A, 0xB8, 0x8D, 0x56, 0x51, 0x85, 
0xAE, 0x8E, 0x4F, 0x51, 0x90, 0xB7, 0x86, 0x51, 0x5A, 0x9B, 0xB9, 0x92, 0x59, 0x63, 0x9B, 0xB9, 
0x89, 0x56, 0x61, 0x9A, 0xAD, 0x7E, 0x4C, 0x5E, 0x95, 0xAD, 0x77, 0x49, 0x55, 0x93, 0xAA, 0x7E, 
0x5C, 0x74, 0xB1, 0xB7, 0x77, 0x4F, 0x6A, 0xA8, 0xB0, 0x77, 0x49, 0x64, 0xA7, 0xB4, 0x73, 0x46, 
0x6F, 0xAE, 0xB1, 0x75, 0x46, 0x6B, 0xA4, 0xAF, 0x72, 0x46, 0x66, 0xA3, 0xAC, 0x71, 0x46, 0x6F, 
0xAA, 0xA9, 0x6E, 0x49, 0x76, 0xB3, 0xAE, 0x73, 0x52, 0x7C, 0xB2, 0xAD, 0x70, 0x4E, 0x7A, 0xB0, 
0x9D, 0x60, 0x46, 0x74, 0xAC, 0x9C, 0x5D, 0x44, 0x72, 0xAA, 0x97, 0x68, 0x5D, 0x91, 0xBC, 0x98, 
0x5D, 0x4E, 0x8C, 0xBA, 0x98, 0x58, 0x49, 0x88, 0xBC, 0x98, 0x57, 0x4F, 0x93, 0xBB, 0x91, 0x51, 
0x52, 0x92, 0xB8, 0x8B, 0x52, 0x53, 0x8D, 0xB3, 0x8B, 0x4F, 0x53, 0x91, 0xB6, 0x88, 0x50, 0x56, 
0x9A, 0xBC, 0x8E, 0x52, 0x62, 0x9C, 0xB9, 0x86, 0x50, 0x60, 0xA1, 0xB3, 0x7C, 0x49, 0x62, 0x98, 
0xA7, 0x7B, 0x5E, 0x6A, 0x83, 0x81, 0x79, 0x81, 0x8A, 0x8E, 0x89, 0x7F, 0x79, 0x80, 0x8D, 0x87, 
0x7C, 0x78, 0x80, 0x84, 0x83, 0x7E, 0x7C, 0x81, 0x87, 0x85, 0x82, 0x7B, 0x7F, 0x82, 0x84, 0x7E, 
0x7C, 0x7C, 0x7C, 0x7E, 0x7E, 0x7C, 0x83, 0x81, 0x79, 0x7D, 0x81, 0x87, 0x84, 0x84, 0x83, 0x86, 
0x84, 0x7E, 0x7F, 0x89, 0x89, 0x81, 0x79, 0x7C, 0x85, 0x87, 0x7B, 0x71, 0x79, 0x82, 0x7E, 0x71, 
0x70, 0x7A, 0x8B, 0x8F, 0x85, 0x81, 0x81, 0x86, 0x85, 0x84, 0x80, 0x7F, 0x7F, 0x83, 0x84, 0x81, 
0x7A, 0x80, 0x81, 0x84, 0x7E, 0x7E, 0x82, 0x84, 0x81, 0x7C, 0x7A, 0x7F, 0x81, 0x7F, 0x78, 0x7B, 
0x7F, 0x84, 0x80, 0x7C, 0x7C, 0x83, 0x84, 0x83, 0x80, 0x84, 0x88, 0x88, 0x80, 0x80, 0x82, 0x88, 
0x84, 0x7D, 0x76, 0x7D, 0x83, 0x81, 0x78, 0x79, 0x7E, 0x80, 0x7D, 0x75, 0x78, 0x7E, 0x8C, 0x89, 
0x84, 0x80, 0x83, 0x85, 0x7F, 0x7F, 0x80, 0x84, 0x83, 0x7F, 0x7B, 0x80, 0x81, 0x85, 0x82, 0x81, 
0x7E, 0x84, 0x83, 0x81, 0x7D, 0x7E, 0x7F, 0x82, 0x80, 0x7A, 0x7C, 0x81, 0x81, 0x7E, 0x7D, 0x81, 
0x83, 0x83, 0x7F, 0x80, 0x81, 0x84, 0x87, 0x83, 0x7D, 0x81, 0x86, 0x88, 0x81, 0x7E, 0x7A, 0x7F, 
0x82, 0x81, 0x7C, 0x7E, 0x7C, 0x7F, 0x79, 0x78, 0x79, 0x84, 0x8C, 0x85, 0x83, 0x7F, 0x82, 0x83, 
0x80, 0x7B, 0x7F, 0x81, 0x82, 0x80, 0x80, 0x7E, 0x83, 0x84, 0x83, 0x7D, 0x7E, 0x85, 0x83, 0x7E, 
0x7D, 0x7F, 0x80, 0x80, 0x7F, 0x7C, 0x7C, 0x7F, 0x83, 0x83, 0x80, 0x7D, 0x81, 0x85, 0x83, 0x80, 
0x7F, 0x84, 0x86, 0x81, 0x7F, 0x7D, 0x85, 0x85, 0x81, 0x7D, 0x7D, 0x80, 0x7F, 0x7D, 0x7F, 0x7E, 
0x81, 0x7E, 0x7B, 0x7C, 0x81, 0x88, 0x87, 0x81, 0x7F, 0x80, 0x84, 0x80, 0x80, 0x7F, 0x80, 0x80, 
0x7F, 0x7E, 0x7E, 0x80, 0x81, 0x81, 0x7F, 0x7D, 0x81, 0x83, 0x80, 0x7E, 0x7E, 0x80, 0x81, 0x80, 
0x7E, 0x7F, 0x81, 0x81, 0x80, 0x80, 0x7F, 0x80, 0x81, 0x80, 0x81, 0x81, 0x84, 0x83, 0x80, 0x7F, 
0x81, 0x82, 0x82, 0x7E, 0x81, 0x81, 0x82, 0x7F, 0x7D, 0x7D, 0x81, 0x81, 0x7F, 0x7D, 0x7D, 0x7F, 
0x81, 0x83, 0x82, 0x80, 0x80, 0x83, 0x82, 0x81, 0x81, 0x82, 0x81, 0x7F, 0x7F, 0x80, 0x81, 0x7F, 
0x81, 0x81, 0x7F, 0x80, 0x81, 0x80, 0x80, 0x7E, 0x7F, 0x80, 0x80, 0x7F, 0x7E, 0x7F, 0x7E, 0x7F, 
0x80, 0x80, 0x7F, 0x80, 0x80, 0x81, 0x82, 0x82, 0x82, 0x81, 0x81, 0x81, 0x7F, 0x81, 0x7F, 0x80, 
0x7F, 0x80, 0x80, 0x80, 0x7F, 0x80, 0x80, 0x80, 0x80, 0x80, 0x81, 0x80, 0x82, 0x83, 0x81, 0x82, 
0x80, 0x80, 0x80, 0x80, 0x80, 0x80, 0x80, 0x80, 0x80, 0x82, 0x7F, 0x80, 0x80, 0x7F, 0x80, 0x82, 
0x81, 0x7F, 0x80, 0x81, 0x80, 0x80, 0x7F, 0x7E, 0x7F, 0x7F, 0x81, 0x80, 0x7F, 0x7F, 0x80, 0x81, 
0x80, 0x80, 0x80, 0x80, 0x81, 0x81, 0x80, 0x80, 0x80, 0x80, 0x80, 0x7F, 0x80, 0x81, 0x81, 0x80, 
0x7F, 0x80, 0x80, 0x7F, 0x80, 0x81, 0x80, 0x7F, 0x7F, 0x80, 0x7F, 0x81, 0x81, 0x81, 0x81, 0x80, 
0x7F, 0x81, 0x82, 0x81, 0x80, 0x80, 0x81, 0x80, 0x80, 0x81, 0x80, 0x7F, 0x7F, 0x80, 0x81, 0x80, 
0x81, 0x7F, 0x7F, 0x7F, 0x81, 0x81, 0x80, 0x80, 0x81, 0x82, 0x81, 0x80, 0x7F, 0x80, 0x81, 0x7F, 
0x7F, 0x81, 0x81, 0x7F, 0x7F, 0x81, 0x81, 0x80, 0x7F, 0x80, 0x7F, 0x7E, 0x80, 0x81, 0x81, 0x80, 
0x81, 0x82, 0x81, 0x80, 0x80, 0x80, 0x82, 0x80, 0x80, 0x81, 0x7F, 0x80, 0x81, 0x81, 0x81, 0x7F, 
0x7E, 0x7F, 0x7F, 0x7F, 0x80, 0x81, 0x82, 0x81, 0x80, 0x80, 0x81, 0x82, 0x80, 0x7F, 0x81, 0x7F, 
0x80, 0x80, 0x81, 0x7F, 0x7F, 0x7F, 0x80, 0x80, 0x80, 0x7F, 0x80, 0x80, 0x82, 0x81, 0x82, 0x80, 
0x82, 0x7F, 0x7F, 0x85, 0x7E, 0x77, 0x7D, 0x96, 0xA1, 0x83, 0x5E, 0x5B, 0x7D, 0x97, 0x95, 0x79, 
0x5B, 0x61, 0x87, 0xA4, 0x9C, 0x79, 0x61, 0x66, 0x8D, 0xA8, 0x9E, 0x7B, 0x5C, 0x67, 0x8E, 0xA7, 
0x94, 0x6F, 0x5C, 0x69, 0x8F, 0xA7, 0x91, 0x69, 0x56, 0x6E, 0x98, 0xAA, 0x90, 0x66, 0x55, 0x73, 
0x9C, 0xAA, 0x89, 0x62, 0x5B, 0x7A, 0x9C, 0xA8, 0x8A, 0x63, 0x5C, 0x7B, 0x9D, 0xA5, 0x85, 0x61, 
0x5A, 0x7F, 0xA0, 0xA2, 0x82, 0x61, 0x61, 0x81, 0x9F, 0x9E, 0x7D, 0x62, 0x60, 0x82, 0xA2, 0x9E, 
0x7A, 0x5C, 0x64, 0x87, 0xA1, 0x99, 0x76, 0x5B, 0x62, 0x89, 0xA3, 0x99, 0x74, 0x5B, 0x67, 0x8B, 
0xA6, 0x97, 0x74, 0x5D, 0x6B, 0x8F, 0xA6, 0x94, 0x6E, 0x5C, 0x70, 0x92, 0xA3, 0x8F, 0x6F, 0x5E, 
0x72, 0x96, 0xA3, 0x8C, 0x6B, 0x5F, 0x76, 0x96, 0x9F, 0x87, 0x68, 0x60, 0x7F, 0x99, 0x9D, 0x83, 
0x68, 0x64, 0x7E, 0x99, 0x9E, 0x80, 0x65, 0x64, 0x82, 0x9A, 0x99, 0x7D, 0x62, 0x66, 0x86, 0x9E, 
0x98, 0x7A, 0x61, 0x67, 0x8A, 0xA1, 0x95, 0x74, 0x60, 0x69, 0x8B, 0x9F, 0x92, 0x73, 0x5F, 0x6C, 
0x8D, 0xA0, 0x92, 0x70, 0x60, 0x71, 0x93, 0xA2, 0x8E, 0x6D, 0x5F, 0x76, 0x95, 0xA0, 0x8A, 0x69, 
0x63, 0x7A, 0x98, 0x9F, 0x86, 0x68, 0x63, 0x7E, 0x9B, 0x9C, 0x80, 0x64, 0x66, 0x82, 0x9C, 0x98, 
0x7B, 0x65, 0x68, 0x86, 0x9C, 0x96, 0x78, 0x63, 0x6C, 0x89, 0x9C, 0x94, 0x76, 0x60, 0x6D, 0x8C, 
0x9E, 0x91, 0x70, 0x60, 0x72, 0x90, 0xA0, 0x8F, 0x6D, 0x5F, 0x77, 0x94, 0x9F, 0x89, 0x6B, 0x61, 
0x79, 0x95, 0x9E, 0x86, 0x69, 0x62, 0x79, 0x97, 0x9D, 0x82, 0x68, 0x63, 0x7C, 0x99, 0x9C, 0x81, 
0x67, 0x65, 0x81, 0x9B, 0x9A, 0x7D, 0x67, 0x67, 0x85, 0x9C, 0x98, 0x7B, 0x62, 0x67, 0x85, 0x9D, 
0x96, 0x79, 0x62, 0x6A, 0x88, 0x9E, 0x95, 0x76, 0x61, 0x6C, 0x8B, 0xA0, 0x92, 0x73, 0x62, 0x6D, 
0x8C, 0xA0, 0x92, 0x73, 0x62, 0x6F, 0x8F, 0xA1, 0x8F, 0x70, 0x63, 0x72, 0x8F, 0xA0, 0x8F, 0x6F, 
0x60, 0x74, 0x92, 0x9E, 0x8B, 0x70, 0x60, 0x76, 0x92, 0x9F, 0x88, 0x6D, 0x61, 0x79, 0x95, 0x9E, 
0x85, 0x69, 0x63, 0x7C, 0x96, 0x9C, 0x84, 0x68, 0x63, 0x7E, 0x99, 0x9C, 0x80, 0x67, 0x64, 0x80, 
0x99, 0x9B, 0x80, 0x67, 0x62, 0x80, 0x9C, 0x9C, 0x7E, 0x63, 0x65, 0x83, 0x9A, 0x99, 0x7B, 0x62, 
0x66, 0x86, 0x9B, 0x96, 0x7B, 0x65, 0x68, 0x87, 0x9F, 0x96, 0x77, 0x61, 0x6D, 0x8B, 0x9F, 0x93, 
0x73, 0x62, 0x70, 0x8E, 0xA1, 0x90, 0x70, 0x61, 0x71, 0x92, 0xA1, 0x8E, 0x6E, 0x5E, 0x75, 0x94, 
0xA2, 0x88, 0x6B, 0x60, 0x74, 0x94, 0xA3, 0x88, 0x67, 0x5C, 0x7D, 0x99, 0x9C, 0x83, 0x69, 0x63, 
0x80, 0x98, 0x9D, 0x81, 0x67, 0x64, 0x82, 0x9C, 0x9B, 0x7D, 0x62, 0x63, 0x85, 0x9F, 0x99, 0x7A, 
0x63, 0x68, 0x88, 0x9E, 0x97, 0x76, 0x61, 0x6B, 0x89, 0x9F, 0x97, 0x76, 0x5D, 0x68, 0x8D, 0xA3, 
0x91, 0x72, 0x5E, 0x6A, 0x8B, 0xA0, 0x93, 0x71, 0x5F, 0x71, 0x8F, 0xA2, 0x92, 0x72, 0x5E, 0x71, 
0x8F, 0xA1, 0x90, 0x6F, 0x5C, 0x72, 0x94, 0xA2, 0x8B, 0x6B, 0x5C, 0x78, 0x96, 0xA2, 0x85, 0x65, 
0x60, 0x7A, 0x98, 0xA1, 0x85, 0x64, 0x5E, 0x81, 0xA0, 0xA1, 0x7F, 0x62, 0x63, 0x83, 0x9E, 0x9D, 
0x7E, 0x60, 0x61, 0x82, 0x9F, 0x9A, 0x79, 0x61, 0x65, 0x84, 0xA2, 0x9D, 0x7A, 0x5E, 0x67, 0x89, 
0xA2, 0x99, 0x77, 0x5B, 0x66, 0x8B, 0xA4, 0x96, 0x75, 0x5C, 0x65, 0x8C, 0xA7, 0x97, 0x71, 0x5B, 
0x6D, 0x92, 0xA4, 0x90, 0x71, 0x5F, 0x74, 0x93, 0xA1, 0x8C, 0x6B, 0x60, 0x75, 0x95, 0xA1, 0x87, 
0x68, 0x5C, 0x79, 0x9A, 0xA2, 0x84, 0x64, 0x60, 0x7F, 0x9D, 0xA0, 0x81, 0x63, 0x64, 0x81, 0x9C, 
0x9D, 0x7C, 0x61, 0x66, 0x82, 0x94, 0x99, 0x92, 0x87, 0x7D, 0x6B, 0x66, 0x78, 0x91, 0x8F, 0x74, 
0x62, 0x76, 0x8D, 0x87, 0x7D, 0x78, 0x79, 0x82, 0x8F, 0x98, 0x8F, 0x84, 0x82, 0x82, 0x84, 0x86, 
0x7E, 0x74, 0x6B, 0x70, 0x78, 0x7A, 0x77, 0x71, 0x73, 0x7F, 0x93, 0xA4, 0x9E, 0x89, 0x82, 0x82, 
0x8E, 0x8B, 0x6B, 0x59, 0x69, 0x8E, 0x91, 0x83, 0x70, 0x76, 0x7D, 0x7B, 0x81, 0x8D, 0x86, 0x81, 
0x85, 0x8C, 0x8D, 0x8A, 0x87, 0x7E, 0x78, 0x7D, 0x7E, 0x7B, 0x76, 0x6F, 0x71, 0x6F, 0x78, 0x84, 
0x83, 0x81, 0x88, 0x95, 0x9A, 0x8F, 0x87, 0x85, 0x82, 0x7C, 0x68, 0x69, 0x7E, 0x93, 0x83, 0x74, 
0x6F, 0x82, 0x84, 0x7E, 0x78, 0x83, 0x86, 0x8D, 0x92, 0x88, 0x82, 0x84, 0x85, 0x82, 0x7C, 0x79, 
0x78, 0x79, 0x76, 0x72, 0x75, 0x76, 0x77, 0x7F, 0x82, 0x8A, 0x90, 0x94, 0x8F, 0x8C, 0x8B, 0x8B, 
0x85, 0x77, 0x68, 0x6F, 0x83, 0x93, 0x80, 0x6B, 0x6E, 0x81, 0x80, 0x7F, 0x7F, 0x85, 0x84, 0x84, 
0x8E, 0x8B, 0x84, 0x82, 0x7E, 0x7C, 0x81, 0x81, 0x7E, 0x76, 0x70, 0x74, 0x78, 0x79, 0x7C, 0x80, 
0x84, 0x8A, 0x92, 0x94, 0x8D, 0x8A, 0x88, 0x86, 0x82, 0x6E, 0x65, 0x74, 0x8C, 0x8A, 0x7A, 0x6A, 
0x78, 0x85, 0x7E, 0x79, 0x85, 0x87, 0x89, 0x89, 0x8D, 0x88, 0x85, 0x86, 0x86, 0x7E, 0x7D, 0x79, 
0x79, 0x78, 0x74, 0x76, 0x73, 0x71, 0x79, 0x7F, 0x88, 0x8F, 0x94, 0x8F, 0x8B, 0x86, 0x8A, 0x85, 
0x7C, 0x6B, 0x6E, 0x7E, 0x93, 0x85, 0x77, 0x6D, 0x7F, 0x80, 0x80, 0x7D, 0x86, 0x82, 0x84, 0x8C, 
0x8D, 0x83, 0x84, 0x81, 0x82, 0x80, 0x7E, 0x7A, 0x7A, 0x78, 0x73, 0x75, 0x76, 0x78, 0x7F, 0x83, 
0x88, 0x8F, 0x96, 0x8E, 0x89, 0x84, 0x85, 0x84, 0x79, 0x6B, 0x71, 0x82, 0x8E, 0x81, 0x74, 0x75, 
0x81, 0x7D, 0x7D, 0x7F, 0x85, 0x82, 0x83, 0x8B, 0x8A, 0x83, 0x84, 0x82, 0x7F, 0x80, 0x7C, 0x7B, 
0x7A, 0x77, 0x74, 0x77, 0x77, 0x7B, 0x7E, 0x84, 0x89, 0x90, 0x90, 0x8C, 0x8A, 0x86, 0x82, 0x81, 
0x73, 0x6D, 0x75, 0x87, 0x8C, 0x7F, 0x72, 0x7B, 0x84, 0x7E, 0x79, 0x7F, 0x83, 0x84, 0x86, 0x8A, 
0x85, 0x83, 0x84, 0x82, 0x80, 0x80, 0x7B, 0x7C, 0x7B, 0x76, 0x76, 0x7A, 0x7A, 0x79, 0x7D, 0x86, 
0x8B, 0x90, 0x8E, 0x8B, 0x8B, 0x87, 0x87, 0x82, 0x70, 0x69, 0x77, 0x8A, 0x8D, 0x7A, 0x6D, 0x77, 
0x82, 0x7E, 0x7C, 0x80, 0x81, 0x83, 0x88, 0x8C, 0x88, 0x85, 0x84, 0x82, 0x7F, 0x7F, 0x7B, 0x7D, 
0x7A, 0x76, 0x78, 0x78, 0x78, 0x7B, 0x81, 0x86, 0x89, 0x8D, 0x8D, 0x8E, 0x8A, 0x86, 0x84, 0x81, 
0x70, 0x6A, 0x79, 0x8B, 0x8C, 0x7E, 0x72, 0x7C, 0x82, 0x7F, 0x7E, 0x86, 0x83, 0x85, 0x88, 0x8A, 
0x86, 0x85, 0x81, 0x7F, 0x7C, 0x7E, 0x7A, 0x7A, 0x77, 0x77, 0x7A, 0x78, 0x7A, 0x7F, 0x82, 0x86, 
0x8C, 0x92, 0x8F, 0x8C, 0x86, 0x81, 0x80, 0x7B, 0x6E, 0x6E, 0x7B, 0x8C, 0x86, 0x78, 0x70, 0x80, 
0x83, 0x81, 0x7F, 0x84, 0x83, 0x85, 0x88, 0x87, 0x84, 0x84, 0x81, 0x7F, 0x7E, 0x7C, 0x7A, 0x79, 
0x78, 0x78, 0x7D, 0x78, 0x7A, 0x80, 0x85, 0x8A, 0x8C, 0x90, 0x8B, 0x89, 0x87, 0x83, 0x81, 0x79, 
0x6C, 0x6D, 0x7E, 0x8D, 0x86, 0x78, 0x74, 0x84, 0x83, 0x82, 0x80, 0x82, 0x84, 0x86, 0x8B, 0x87, 
0x81, 0x7F, 0x7C, 0x7E, 0x82, 0x7D, 0x7B, 0x76, 0x76, 0x79, 0x7A, 0x7C, 0x81, 0x83, 0x82, 0x87, 
0x8E, 0x91, 0x89, 0x85, 0x83, 0x80, 0x7E, 0x76, 0x71, 0x74, 0x82, 0x88, 0x80, 0x75, 0x7B, 0x80, 
0x81, 0x80, 0x81, 0x7D, 0x81, 0x86, 0x8B, 0x87, 0x83, 0x86, 0x86, 0x80, 0x7D, 0x78, 0x78, 0x79, 
0x7A, 0x7A, 0x7A, 0x7B, 0x82, 0x82, 0x83, 0x87, 0x8E, 0x8D, 0x8A, 0x85, 0x84, 0x82, 0x7C, 0x72, 
0x73, 0x81, 0x8B, 0x7F, 0x72, 0x7A, 0x8D, 0x87, 0x7C, 0x6A, 0x64, 0x72, 0x93, 0xAF, 0xA4, 0x81, 
0x6D, 0x73, 0x8B, 0xA0, 0x94, 0x74, 0x57, 0x55, 0x70, 0x8A, 0x8B, 0x79, 0x61, 0x5F, 0x82, 0xAB, 
0xB9, 0x9F, 0x7A, 0x65, 0x76, 0x93, 0x8E, 0x76, 0x65, 0x71, 0x80, 0x8C, 0x91, 0x94, 0x7F, 0x5B, 
0x5C, 0x83, 0x9F, 0xAA, 0x91, 0x73, 0x64, 0x7B, 0x9B, 0xA4, 0x86, 0x64, 0x54, 0x67, 0x8D, 0x9A, 
0x87, 0x5F, 0x50, 0x6D, 0x92, 0xAC, 0xAA, 0x8A, 0x6D, 0x6D, 0x8A, 0xA6, 0xA5, 0x7A, 0x44, 0x48, 
0x7F, 0xB4, 0xA9, 0x76, 0x54, 0x61, 0x7A, 0x93, 0x9A, 0x91, 0x6B, 0x5F, 0x7B, 0x9B, 0xAD, 0xA6, 
0x7C, 0x58, 0x5B, 0x79, 0x99, 0x97, 0x74, 0x52, 0x50, 0x71, 0x98, 0xA9, 0x91, 0x72, 0x70, 0x86, 
0xA3, 0xAF, 0x99, 0x75, 0x60, 0x56, 0x67, 0x8D, 0xAA, 0x8F, 0x5F, 0x4D, 0x79, 0xA5, 0xA1, 0x7F, 
0x62, 0x5F, 0x7A, 0x9E, 0xB4, 0x9A, 0x73, 0x66, 0x6F, 0x87, 0xA0, 0x92, 0x69, 0x51, 0x55, 0x7B, 
0x92, 0x93, 0x7B, 0x62, 0x69, 0x8D, 0xB0, 0xB6, 0x94, 0x6E, 0x62, 0x78, 0x95, 0x8D, 0x76, 0x66, 
0x71, 0x77, 0x86, 0x94, 0x99, 0x78, 0x5B, 0x5F, 0x89, 0xA0, 0x9F, 0x86, 0x6B, 0x66, 0x85, 0xA2, 
0xA3, 0x85, 0x61, 0x55, 0x68, 0x8B, 0x9B, 0x86, 0x5E, 0x51, 0x6C, 0x95, 0xB0, 0xAA, 0x86, 0x71, 
0x75, 0x8F, 0xA5, 0xA0, 0x71, 0x46, 0x4D, 0x85, 0xAC, 0x9E, 0x71, 0x59, 0x64, 0x76, 0x91, 0xA3, 
0x94, 0x6F, 0x62, 0x78, 0x98, 0xA9, 0x9E, 0x78, 0x5C, 0x61, 0x82, 0x9A, 0x95, 0x71, 0x55, 0x54, 
0x72, 0x95, 0xA1, 0x8E, 0x73, 0x6E, 0x83, 0xA3, 0xB0, 0x98, 0x73, 0x5C, 0x54, 0x76, 0x9C, 0xAE, 
0x80, 0x54, 0x52, 0x7E, 0xA1, 0xA1, 0x7F, 0x66, 0x5F, 0x7C, 0xA2, 0xB0, 0x94, 0x71, 0x61, 0x6C, 
0x8B, 0xA3, 0x95, 0x6C, 0x52, 0x59, 0x7C, 0x97, 0x95, 0x7C, 0x63, 0x66, 0x88, 0xAE, 0xB4, 0x93, 
0x6C, 0x5F, 0x7D, 0x98, 0x91, 0x74, 0x5F, 0x66, 0x7A, 0x92, 0x9E, 0x8D, 0x60, 0x52, 0x72, 0xA2, 
0xAE, 0x8E, 0x69, 0x5D, 0x80, 0xAD, 0xB0, 0x86, 0x59, 0x51, 0x76, 0x9D, 0x9D, 0x7B, 0x52, 0x4B, 
0x71, 0xA1, 0xAC, 0x8B, 0x65, 0x69, 0x8F, 0xB2, 0xAC, 0x84, 0x5D, 0x50, 0x6E, 0x97, 0xAA, 0x87, 
0x57, 0x4E, 0x7F, 0xAD, 0x9D, 0x6F, 0x59, 0x65, 0x91, 0xAE, 0xA7, 0x7B, 0x5F, 0x6C, 0x8F, 0xA3, 
0x95, 0x70, 0x54, 0x5F, 0x83, 0x9D, 0x8D, 0x66, 0x52, 0x6E, 0x97, 0xB1, 0xA1, 0x7B, 0x68, 0x7C, 
0x99, 0xA6, 0x8B, 0x59, 0x47, 0x6E, 0xA3, 0xAC, 0x82, 0x59, 0x5E, 0x7F, 0x99, 0x9B, 0x85, 0x67, 
0x67, 0x8C, 0xA5, 0xA0, 0x81, 0x66, 0x64, 0x83, 0x9E, 0x97, 0x74, 0x55, 0x5A, 0x83, 0x99, 0x91, 
0x72, 0x5F, 0x71, 0x98, 0xB3, 0xA2, 0x7B, 0x62, 0x70, 0x92, 0x9A, 0x7A, 0x5C, 0x5E, 0x7F, 0x95, 
0x98, 0x83, 0x72, 0x5E, 0x73, 0x93, 0xA3, 0x8E, 0x70, 0x6B, 0x7A, 0x97, 0xA5, 0x8B, 0x68, 0x5D, 
0x74, 0x92, 0x99, 0x7E, 0x5E, 0x58, 0x75, 0x91, 0x9E, 0x84, 0x6E, 0x71, 0x8F, 0xAA, 0xA3, 0x80, 
0x68, 0x66, 0x76, 0x89, 0x91, 0x84, 0x6F, 0x66, 0x7D, 0x98, 0x9F, 0x77, 0x5E, 0x6A, 0x89, 0xA2, 
0x99, 0x7F, 0x65, 0x70, 0x8E, 0xA1, 0x91, 0x74, 0x5C, 0x68, 0x89, 0x92, 0x82, 0x66, 0x59, 0x6E, 
0x92, 0xA7, 0x97, 0x7B, 0x6F, 0x84, 0x9F, 0xA2, 0x89, 0x67, 0x4F, 0x67, 0x92, 0xA8, 0x8D, 0x63, 
0x54, 0x7A, 0x9F, 0x9F, 0x7E, 0x68, 0x64, 0x82, 0xA3, 0xA5, 0x85, 0x67, 0x63, 0x82, 0x9D, 0x99, 
0x7A, 0x5E, 0x5F, 0x7C, 0x99, 0x94, 0x73, 0x5E, 0x69, 0x91, 0xA8, 0xA3, 0x83, 0x6B, 0x6D, 0x8C, 
0xA2, 0x91, 0x63, 0x4E, 0x6A, 0x9B, 0xA9, 0x8A, 0x61, 0x61, 0x73, 0x92, 0x9C, 0x90, 0x70, 0x65, 
0x79, 0x98, 0xA0, 0x8D, 0x70, 0x5E, 0x72, 0x92, 0x9F, 0x85, 0x5D, 0x59, 0x81, 0x9C, 0x92, 0x71, 
0x64, 0x7B, 0x9E, 0xAA, 0x8D, 0x6C, 0x69, 0x89, 0x9E, 0x8A, 0x5F, 0x56, 0x7B, 0xA3, 0xA1, 0x78, 
0x5D, 0x6B, 0x8A, 0xA1, 0x95, 0x6F, 0x5A, 0x72, 0xA0, 0xA8, 0x87, 0x60, 0x5E, 0x81, 0xA5, 0x9D, 
0x72, 0x52, 0x62, 0x92, 0xA9, 0x8B, 0x5C, 0x55, 0x7F, 0xAE, 0xB2, 0x83, 0x5A, 0x64, 0x90, 0xB0, 
0x99, 0x5D, 0x41, 0x68, 0xA6, 0xB4, 0x86, 0x4E, 0x54, 0x84, 0xAC, 0xA6, 0x79, 0x4F, 0x61, 0x94, 
0xB7, 0x99, 0x67, 0x55, 0x74, 0xA0, 0xAB, 0x85, 0x56, 0x57, 0x80, 0xA6, 0x99, 0x6E, 0x52, 0x6B, 
0x98, 0xAE, 0x95, 0x69, 0x62, 0x84, 0xA5, 0x9E, 0x75, 0x4D, 0x60, 0x92, 0xAD, 0x8E, 0x5F, 0x55, 
0x80, 0xA2, 0x9D, 0x77, 0x5B, 0x6A, 0x91, 0xAD, 0x95, 0x6A, 0x5D, 0x7B, 0x9E, 0xA2, 0x7D, 0x58, 
0x5D, 0x87, 0xA5, 0x93, 0x63, 0x4E, 0x71, 0xA3, 0xAD, 0x88, 0x5F, 0x63, 0x92, 0xB0, 0x9A, 0x6A, 
0x4E, 0x6A, 0x99, 0xAC, 0x89, 0x59, 0x55, 0x83, 0xA8, 0x9A, 0x6E, 0x58, 0x6F, 0x98, 0xA6, 0x8B, 
0x65, 0x61, 0x84, 0xA3, 0x98, 0x74, 0x59, 0x6A, 0x91, 0xA3, 0x87, 0x60, 0x57, 0x7D, 0xA3, 0xA0, 
0x7B, 0x63, 0x71, 0x96, 0xAA, 0x91, 0x69, 0x5D, 0x73, 0x93, 0x9B, 0x83, 0x61, 0x65, 0x88, 0xA7, 
0x95, 0x69, 0x56, 0x76, 0xA0, 0xA6, 0x85, 0x62, 0x62, 0x89, 0xA7, 0x98, 0x70, 0x57, 0x6B, 0x93, 
0xA1, 0x84, 0x5B, 0x59, 0x7F, 0xA4, 0x9F, 0x74, 0x57, 0x71, 0x9B, 0xAD, 0x90, 0x64, 0x5B, 0x7B, 
0x9E, 0x9F, 0x7C, 0x5C, 0x65, 0x8D, 0xA5, 0x92, 0x66, 0x55, 0x76, 0xA0, 0xA5, 0x7F, 0x5D, 0x65, 
0x8B, 0xAB, 0x97, 0x6B, 0x5A, 0x73, 0x99, 0xA2, 0x82, 0x5A, 0x5D, 0x83, 0xA3, 0x9A, 0x75, 0x5C, 
0x70, 0x98, 0xAA, 0x8F, 0x66, 0x5D, 0x7E, 0x9C, 0x96, 0x76, 0x5F, 0x6E, 0x8F, 0xA0, 0x8D, 0x74, 
0x6B, 0x72, 0x80, 0x7F, 0x81, 0x84, 0x85, 0x81, 0x82, 0x8A, 0x8B, 0x84, 0x7F, 0x7A, 0x7C, 0x83, 
0x83, 0x7B, 0x75, 0x78, 0x7F, 0x83, 0x80, 0x7C, 0x7E, 0x82, 0x84, 0x85, 0x83, 0x81, 0x7F, 0x7E, 
0x7D, 0x81, 0x85, 0x84, 0x83, 0x80, 0x7F, 0x81, 0x82, 0x81, 0x82, 0x7E, 0x7F, 0x82, 0x83, 0x7F, 
0x7F, 0x83, 0x82, 0x7F, 0x7C, 0x7C, 0x81, 0x83, 0x7E, 0x7C, 0x7C, 0x80, 0x81, 0x85, 0x83, 0x7F, 
0x7E, 0x82, 0x88, 0x89, 0x80, 0x78, 0x78, 0x80, 0x86, 0x85, 0x7D, 0x78, 0x7C, 0x84, 0x89, 0x82, 
0x7A, 0x79, 0x81, 0x89, 0x87, 0x80, 0x7A, 0x79, 0x82, 0x88, 0x85, 0x7E, 0x78, 0x7D, 0x83, 0x87, 
0x81, 0x7B, 0x7B, 0x7F, 0x86, 0x86, 0x80, 0x7A, 0x7E, 0x85, 0x89, 0x85, 0x7D, 0x7B, 0x7E, 0x82, 
0x82, 0x80, 0x7E, 0x7D, 0x82, 0x86, 0x85, 0x81, 0x7C, 0x7E, 0x82, 0x81, 0x7F, 0x7E, 0x7F, 0x81, 
0x83, 0x81, 0x7D, 0x7C, 0x80, 0x81, 0x80, 0x7D, 0x7C, 0x80, 0x85, 0x85, 0x81, 0x7F, 0x80, 0x83, 
0x85, 0x80, 0x7D, 0x7D, 0x7E, 0x82, 0x82, 0x7F, 0x7A, 0x7B, 0x81, 0x85, 0x81, 0x7E, 0x7E, 0x7F, 
0x82, 0x85, 0x7F, 0x7E, 0x7F, 0x82, 0x83, 0x81, 0x7E, 0x7E, 0x80, 0x82, 0x81, 0x81, 0x7E, 0x80, 
0x83, 0x84, 0x82, 0x81, 0x81, 0x83, 0x83, 0x80, 0x7D, 0x81, 0x83, 0x81, 0x7E, 0x7C, 0x7C, 0x7E, 
0x82, 0x83, 0x80, 0x80, 0x80, 0x7D, 0x7D, 0x82, 0x84, 0x83, 0x7E, 0x7E, 0x80, 0x83, 0x81, 0x7E, 
0x80, 0x82, 0x81, 0x80, 0x7E, 0x7F, 0x7E, 0x7E, 0x83, 0x84, 0x82, 0x7D, 0x7A, 0x81, 0x84, 0x82, 
0x7E, 0x7B, 0x7B, 0x80, 0x83, 0x81, 0x7D, 0x7F, 0x80, 0x82, 0x81, 0x82, 0x80, 0x82, 0x7E, 0x83, 
0x84, 0x82, 0x7B, 0x7C, 0x83, 0x83, 0x81, 0x7E, 0x7C, 0x83, 0x89, 0x88, 0x7E, 0x79, 0x7C, 0x81, 
0x85, 0x85, 0x7F, 0x7F, 0x80, 0x7D, 0x7B, 0x6D, 0x6F, 0x85, 0xA7, 0xB1, 0x83, 0x54, 0x54, 0x8A, 
0xAB, 0x91, 0x64, 0x53, 0x68, 0x8D, 0xA0, 0x94, 0x67, 0x62, 0x88, 0xAF, 0xAF, 0x89, 0x67, 0x69, 
0x81, 0xA0, 0x8C, 0x5D, 0x45, 0x5A, 0x8D, 0x99, 0x84, 0x6A, 0x75, 0x96, 0xAC, 0xA8, 0x88, 0x60, 
0x59, 0x76, 0x9D, 0x9B, 0x6D, 0x51, 0x72, 0x9A, 0x91, 0x72, 0x5E, 0x72, 0x98, 0xB5, 0xA1, 0x7B, 
0x6C, 0x89, 0xA1, 0x94, 0x6E, 0x55, 0x58, 0x76, 0x8D, 0x84, 0x65, 0x58, 0x77, 0xA8, 0xC1, 0x98, 
0x73, 0x75, 0x90, 0x9A, 0x82, 0x5E, 0x5A, 0x76, 0x90, 0x9B, 0x8A, 0x63, 0x52, 0x75, 0xA4, 0xAB, 
0x81, 0x62, 0x6F, 0x99, 0xB5, 0x9F, 0x6B, 0x4A, 0x65, 0x94, 0x9C, 0x76, 0x4A, 0x52, 0x7A, 0x9A, 
0x9D, 0x86, 0x74, 0x7F, 0xA6, 0xB9, 0x94, 0x5D, 0x46, 0x75, 0xAA, 0xA3, 0x72, 0x4E, 0x6A, 0x8B, 
0xA1, 0x89, 0x6A, 0x61, 0x88, 0xAC, 0xA9, 0x87, 0x67, 0x6B, 0x88, 0x99, 0x88, 0x62, 0x50, 0x65, 
0x8B, 0x95, 0x78, 0x5D, 0x73, 0x9E, 0xB4, 0xA3, 0x80, 0x67, 0x6D, 0x87, 0x8F, 0x84, 0x6E, 0x63, 
0x76, 0x99, 0x9A, 0x6B, 0x54, 0x6C, 0x98, 0xAC, 0x93, 0x6E, 0x6A, 0x8D, 0xAC, 0x9D, 0x70, 0x55, 
0x64, 0x87, 0x92, 0x75, 0x56, 0x57, 0x79, 0xA2, 0xAD, 0x93, 0x73, 0x7C, 0x9D, 0xA5, 0x87, 0x58, 
0x55, 0x7D, 0x9E, 0x93, 0x77, 0x64, 0x63, 0x7D, 0x97, 0x99, 0x7C, 0x69, 0x7D, 0x9E, 0xAC, 0x95, 
0x6C, 0x60, 0x7A, 0x9A, 0x92, 0x6B, 0x4A, 0x56, 0x87, 0x9B, 0x8A, 0x6E, 0x71, 0x8C, 0xAE, 0xAD, 
0x86, 0x62, 0x5E, 0x7D, 0x9C, 0x9A, 0x6F, 0x54, 0x70, 0x9B, 0x92, 0x70, 0x5E, 0x6D, 0x92, 0xA9, 
0x9A, 0x78, 0x6B, 0x82, 0x9C, 0x9E, 0x7D, 0x5C, 0x5A, 0x78, 0x8D, 0x85, 0x64, 0x57, 0x72, 0xA2, 
0xB1, 0x96, 0x79, 0x78, 0x8B, 0x98, 0x87, 0x6E, 0x66, 0x76, 0x88, 0x90, 0x85, 0x63, 0x59, 0x79, 
0xA1, 0xA0, 0x7F, 0x6C, 0x7D, 0xA0, 0xAF, 0x89, 0x63, 0x60, 0x86, 0x9D, 0x87, 0x57, 0x4A, 0x6F, 
0x93, 0x91, 0x75, 0x6C, 0x85, 0xA8, 0xB0, 0x8E, 0x67, 0x5F, 0x7F, 0xA0, 0x93, 0x64, 0x55, 0x7E, 
0xA0, 0x86, 0x5F, 0x5D, 0x85, 0xA5, 0xA1, 0x7C, 0x6A, 0x81, 0xA5, 0xA1, 0x7B, 0x58, 0x65, 0x8A, 
0x95, 0x75, 0x50, 0x53, 0x7B, 0x9F, 0xA2, 0x7F, 0x6D, 0x85, 0xB1, 0xAD, 0x79, 0x4C, 0x5E, 0x96, 
0xAD, 0x84, 0x56, 0x5E, 0x83, 0x94, 0x8C, 0x70, 0x67, 0x80, 0xA3, 0xA3, 0x83, 0x73, 0x7C, 0x93, 
0x92, 0x7D, 0x64, 0x68, 0x7E, 0x87, 0x7A, 0x5F, 0x68, 0x87, 0xA4, 0x9B, 0x7E, 0x79, 0x90, 0x9F, 
0x85, 0x5F, 0x63, 0x8A, 0x9A, 0x87, 0x6C, 0x69, 0x71, 0x87, 0x91, 0x83, 0x6C, 0x78, 0x96, 0xA5, 
0x92, 0x78, 0x6F, 0x84, 0x94, 0x8B, 0x6A, 0x58, 0x6A, 0x82, 0x8B, 0x71, 0x5E, 0x75, 0xA1, 0xB2, 
0x95, 0x76, 0x76, 0x8B, 0x92, 0x81, 0x6D, 0x6E, 0x7C, 0x8D, 0x93, 0x78, 0x57, 0x66, 0x91, 0xA6, 
0x88, 0x69, 0x70, 0x95, 0xAA, 0x98, 0x6C, 0x5A, 0x77, 0x9C, 0x94, 0x66, 0x4F, 0x68, 0x8C, 0x97, 
0x7F, 0x6B, 0x7B, 0x9C, 0xAF, 0x9C, 0x73, 0x5D, 0x6E, 0x90, 0x9E, 0x7C, 0x59, 0x67, 0x96, 0x9E, 
0x76, 0x5A, 0x6E, 0x93, 0xA7, 0x91, 0x70, 0x6E, 0x8F, 0xA9, 0x95, 0x66, 0x59, 0x76, 0x93, 0x8C, 
0x67, 0x52, 0x67, 0x8C, 0xA2, 0x90, 0x75, 0x76, 0x97, 0xB1, 0x93, 0x61, 0x51, 0x7D, 0xAA, 0x9D, 
0x6A, 0x55, 0x77, 0x98, 0x97, 0x74, 0x5F, 0x71, 0x94, 0xA7, 0x8F, 0x6E, 0x6E, 0x8B, 0x9F, 0x8B, 
0x68, 0x5E, 0x73, 0x91, 0x8A, 0x6A, 0x57, 0x71, 0x9D, 0xAC, 0x8B, 0x6D, 0x7A, 0x98, 0xA0, 0x7E, 
0x5A, 0x64, 0x90, 0xA1, 0x88, 0x67, 0x60, 0x76, 0x96, 0x9A, 0x7A, 0x62, 0x76, 0x9C, 0xA9, 0x8B, 
0x6B, 0x6B, 0x86, 0x9D, 0x89, 0x60, 0x55, 0x73, 0x94, 0x8B, 0x6A, 0x5F, 0x87, 0xB0, 0xA7, 0x79, 
0x69, 0x84, 0xA3, 0x8D, 0x60, 0x5A, 0x87, 0xA6, 0x8F, 0x5E, 0x52, 0x7C, 0xA9, 0x98, 0x62, 0x53, 
0x89, 0xBF, 0xA5, 0x63, 0x51, 0x86, 0xB6, 0x9C, 0x5B, 0x43, 0x78, 0xAB, 0x9A, 0x55, 0x41, 0x81, 
0xC5, 0xB1, 0x67, 0x52, 0x88, 0xBB, 0xA1, 0x54, 0x41, 0x85, 0xBE, 0x9D, 0x55, 0x44, 0x7F, 0xB3, 
0x9E, 0x5C, 0x46, 0x85, 0xC1, 0xAD, 0x60, 0x4F, 0x8B, 0xBD, 0x9A, 0x56, 0x42, 0x7E, 0xAF, 0x8F, 
0x4E, 0x40, 0x85, 0xC2, 0xAA, 0x5F, 0x51, 0x95, 0xC7, 0x9F, 0x4C, 0x3E, 0x86, 0xC4, 0x9B, 0x4C, 
0x41, 0x86, 0xBB, 0x99, 0x51, 0x49, 0x90, 0xC7, 0x9F, 0x54, 0x51, 0x99, 0xC3, 0x8F, 0x47, 0x4B, 
0x8E, 0xB7, 0x87, 0x42, 0x46, 0x91, 0xC2, 0x99, 0x56, 0x5D, 0xA3, 0xC8, 0x8E, 0x49, 0x4D, 0x96, 
0xC0, 0x8B, 0x44, 0x54, 0x9E, 0xB6, 0x7C, 0x45, 0x63, 0xA8, 0xB9, 0x7E, 0x4E, 0x6D, 0xAF, 0xBA, 
0x75, 0x3D, 0x62, 0xA7, 0xAE, 0x67, 0x37, 0x63, 0xAC, 0xB3, 0x74, 0x4A, 0x78, 0xBC, 0xBB, 0x6F, 
0x41, 0x6D, 0xAD, 0xAE, 0x69, 0x3E, 0x6C, 0xB2, 0xAC, 0x63, 0x3F, 0x75, 0xBA, 0xB0, 0x65, 0x45, 
0x7F, 0xBD, 0xAD, 0x61, 0x42, 0x79, 0xB6, 0xA1, 0x58, 0x3C, 0x77, 0xB4, 0x9D, 0x59, 0x51, 0x8E, 
0xC3, 0xA4, 0x62, 0x4C, 0x84, 0xB2, 0x96, 0x5A, 0x4F, 0x88, 0xB7, 0x96, 0x4F, 0x49, 0x8B, 0xBF, 
0x94, 0x51, 0x52, 0x96, 0xC4, 0x97, 0x53, 0x4D, 0x90, 0xBD, 0x8D, 0x48, 0x4A, 0x8C, 0xB7, 0x8C, 
0x4A, 0x51, 0x9A, 0xC5, 0x94, 0x54, 0x58, 0x99, 0xBB, 0x87, 0x4A, 0x55, 0x98, 0xB9, 0x86, 0x48, 
0x52, 0x98, 0xBB, 0x8A, 0x4A, 0x59, 0xA2, 0xC2, 0x88, 0x4A, 0x5C, 0xA0, 0xBC, 0x81, 0x45, 0x57, 
0x9A, 0xB4, 0x7E, 0x48, 0x5F, 0xA2, 0xBD, 0x86, 0x51, 0x64, 0xA3, 0xB4, 0x79, 0x47, 0x65, 0xA5, 
0xB1, 0x79, 0x4F, 0x67, 0x93, 0x9A, 0x7B, 0x71, 0x80, 0x8F, 0x8E, 0x82, 0x7B, 0x7E, 0x88, 0x8A, 
0x78, 0x6E, 0x7B, 0x8A, 0x85, 0x73, 0x6D, 0x7A, 0x89, 0x8B, 0x80, 0x7D, 0x82, 0x8D, 0x8C, 0x7C, 
0x73, 0x7C, 0x8B, 0x8A, 0x7C, 0x78, 0x7E, 0x83, 0x81, 0x7B, 0x7C, 0x81, 0x86, 0x85, 0x81, 0x82, 
0x85, 0x82, 0x7D, 0x7F, 0x80, 0x7F, 0x7C, 0x7A, 0x7B, 0x80, 0x82, 0x7E, 0x7E, 0x84, 0x88, 0x85, 
0x80, 0x81, 0x84, 0x82, 0x7C, 0x7C, 0x81, 0x85, 0x83, 0x7F, 0x7D, 0x7F, 0x80, 0x83, 0x81, 0x7E, 
0x7E, 0x86, 0x89, 0x81, 0x7C, 0x7E, 0x82, 0x82, 0x7D, 0x7B, 0x7C, 0x80, 0x81, 0x7D, 0x7C, 0x80, 
0x86, 0x88, 0x82, 0x7D, 0x80, 0x86, 0x84, 0x7B, 0x78, 0x80, 0x85, 0x84, 0x7D, 0x7A, 0x7E, 0x83, 
0x81, 0x7E, 0x7D, 0x80, 0x86, 0x86, 0x7F, 0x7D, 0x83, 0x88, 0x82, 0x7A, 0x79, 0x7E, 0x81, 0x82, 
0x7E, 0x7A, 0x7C, 0x85, 0x87, 0x80, 0x7E, 0x84, 0x88, 0x83, 0x7C, 0x7B, 0x81, 0x86, 0x84, 0x7D, 
0x7B, 0x80, 0x84, 0x81, 0x7B, 0x7E, 0x83, 0x86, 0x82, 0x7C, 0x7D, 0x84, 0x83, 0x80, 0x7C, 0x7D, 
0x84, 0x86, 0x7D, 0x77, 0x7E, 0x83, 0x83, 0x7E, 0x7B, 0x7F, 0x83, 0x85, 0x81, 0x7A, 0x7C, 0x85, 
0x85, 0x80, 0x7C, 0x80, 0x86, 0x86, 0x81, 0x7D, 0x7D, 0x81, 0x84, 0x81, 0x7D, 0x7E, 0x82, 0x86, 
0x81, 0x7C, 0x81, 0x86, 0x85, 0x7E, 0x7B, 0x7F, 0x81, 0x80, 0x7E, 0x7F, 0x84, 0x85, 0x80, 0x7F, 
0x7F, 0x81, 0x80, 0x83, 0x7E, 0x7E, 0x80, 0x82, 0x84, 0x82, 0x80, 0x80, 0x80, 0x80, 0x80, 0x7F, 
0x81, 0x83, 0x7F, 0x7F, 0x7E, 0x7F, 0x7F, 0x7F, 0x81, 0x80, 0x7F, 0x82, 0x81, 0x7E, 0x7E, 0x7F, 
0x80, 0x82, 0x80, 0x82, 0x83, 0x83, 0x80, 0x7E, 0x7F, 0x82, 0x83, 0x80, 0x7F, 0x7F, 0x80, 0x80, 
0x80, 0x7E, 0x7F, 0x80, 0x80, 0x81, 0x7F, 0x7E, 0x81, 0x84, 0x83, 0x7E, 0x82, 0x8B, 0x83, 0x6B, 
0x60, 0x82, 0xAC, 0xA4, 0x76, 0x62, 0x74, 0x8A, 0x8D, 0x76, 0x6A, 0x74, 0x90, 0x95, 0x6D, 0x58, 
0x7E, 0xAB, 0x9D, 0x70, 0x69, 0x91, 0xB1, 0x9B, 0x6A, 0x55, 0x7B, 0xA0, 0x82, 0x4C, 0x47, 0x7C, 
0xAD, 0xA1, 0x6E, 0x64, 0x97, 0xB8, 0x84, 0x4C, 0x5B, 0x9C, 0xBC, 0x7D, 0x48, 0x58, 0x8E, 0xAA, 
0x88, 0x5D, 0x5C, 0x9C, 0xBF, 0x92, 0x64, 0x67, 0x95, 0xAD, 0x7D, 0x3F, 0x4B, 0x89, 0xA1, 0x7E, 
0x5B, 0x6E, 0xAA, 0xBF, 0x8F, 0x56, 0x59, 0x9A, 0xB8, 0x8B, 0x4D, 0x53, 0x9C, 0xAC, 0x6D, 0x42, 
0x6D, 0xAD, 0xAF, 0x7E, 0x5A, 0x76, 0xAF, 0xB0, 0x6E, 0x48, 0x67, 0x99, 0x9A, 0x5C, 0x3F, 0x78, 
0xB8, 0xB4, 0x78, 0x5A, 0x83, 0xA5, 0x92, 0x67, 0x5C, 0x84, 0x9F, 0x8B, 0x5F, 0x4E, 0x78, 0xAE, 
0xA7, 0x62, 0x57, 0x95, 0xC0, 0xA1, 0x64, 0x55, 0x86, 0xAD, 0x86, 0x43, 0x42, 0x7E, 0xAE, 0x99, 
0x61, 0x62, 0xA0, 0xC3, 0x99, 0x4C, 0x4D, 0x94, 0xC5, 0x8A, 0x3A, 0x4C, 0x97, 0xB2, 0x7F, 0x4F, 
0x65, 0x9F, 0xBE, 0x90, 0x55, 0x68, 0xA5, 0xB4, 0x79, 0x43, 0x4D, 0x8B, 0xA8, 0x72, 0x4B, 0x6E, 
0xB1, 0xC6, 0x8D, 0x58, 0x61, 0x94, 0xB1, 0x83, 0x56, 0x5D, 0x8E, 0xA8, 0x77, 0x3E, 0x5E, 0xAD, 
0xB8, 0x7C, 0x55, 0x76, 0xB4, 0xBA, 0x79, 0x48, 0x63, 0x9F, 0x99, 0x59, 0x39, 0x67, 0xB4, 0xB8, 
0x7A, 0x58, 0x84, 0xBA, 0x9F, 0x5C, 0x4C, 0x88, 0xBB, 0x93, 0x4F, 0x47, 0x7A, 0xA9, 0x9D, 0x67, 
0x4F, 0x8D, 0xC5, 0xA7, 0x65, 0x56, 0x8A, 0xB3, 0x8C, 0x45, 0x3E, 0x7D, 0xA9, 0x92, 0x5D, 0x5D, 
0x9F, 0xC8, 0xA2, 0x59, 0x46, 0x8B, 0xBF, 0x9A, 0x50, 0x41, 0x86, 0xB6, 0x87, 0x47, 0x5B, 0x98, 
0xB9, 0x9A, 0x63, 0x62, 0x99, 0xBC, 0x8A, 0x4F, 0x4C, 0x7C, 0xA3, 0x7E, 0x45, 0x58, 0x9B, 0xC2, 
0x9E, 0x64, 0x67, 0x96, 0xAA, 0x84, 0x5B, 0x67, 0x93, 0xA2, 0x73, 0x49, 0x5E, 0x9C, 0xB4, 0x76, 
0x50, 0x83, 0xBD, 0xB0, 0x6E, 0x54, 0x82, 0xAE, 0x89, 0x3F, 0x47, 0x83, 0xA4, 0x87, 0x58, 0x77, 
0xB4, 0xB7, 0x7A, 0x4B, 0x71, 0xAE, 0xA8, 0x65, 0x4A, 0x7F, 0xA9, 0x82, 0x4C, 0x64, 0xA6, 0xAD, 
0x7A, 0x63, 0x87, 0xB4, 0x9E, 0x63, 0x59, 0x81, 0x9A, 0x75, 0x48, 0x57, 0x95, 0xAF, 0x80, 0x62, 
0x85, 0xB4, 0x9E, 0x5C, 0x53, 0x8D, 0xB7, 0x8B, 0x4B, 0x59, 0x93, 0x9F, 0x75, 0x5C, 0x7B, 0xA2, 
0xA2, 0x7C, 0x66, 0x8B, 0xAB, 0x8C, 0x60, 0x5D, 0x80, 0x91, 0x6F, 0x50, 0x71, 0xA2, 0xA7, 0x7E, 
0x69, 0x87, 0xA4, 0x89, 0x62, 0x6B, 0x97, 0xA1, 0x72, 0x51, 0x6B, 0x93, 0x97, 0x78, 0x65, 0x7E, 
0xAB, 0xA2, 0x70, 0x6A, 0x8A, 0xA4, 0x87, 0x55, 0x54, 0x86, 0x97, 0x6F, 0x59, 0x79, 0xAF, 0xAE, 
0x74, 0x61, 0x81, 0x9D, 0x8E, 0x66, 0x69, 0x8A, 0x9A, 0x7B, 0x53, 0x63, 0x99, 0xAE, 0x75, 0x56, 
0x87, 0xB9, 0xA4, 0x67, 0x5B, 0x8B, 0xAA, 0x7F, 0x42, 0x55, 0x90, 0xA2, 0x79, 0x58, 0x81, 0xB7, 
0xAC, 0x6F, 0x4F, 0x7A, 0xB0, 0x9E, 0x60, 0x51, 0x87, 0xA9, 0x7D, 0x4C, 0x6A, 0xA8, 0xA4, 0x72, 
0x62, 0x87, 0xB2, 0x9B, 0x61, 0x5D, 0x88, 0x9B, 0x71, 0x48, 0x62, 0x99, 0xA8, 0x7A, 0x66, 0x8E, 
0xB5, 0x98, 0x55, 0x57, 0x93, 0xB5, 0x85, 0x45, 0x5E, 0x9B, 0xA1, 0x6B, 0x54, 0x80, 0xAC, 0xA2, 
0x6D, 0x5C, 0x94, 0xB7, 0x8B, 0x4F, 0x57, 0x8E, 0xA0, 0x6F, 0x43, 0x6D, 0xAE, 0xB0, 0x76, 0x5B, 
0x8A, 0xAF, 0x8B, 0x5A, 0x62, 0x9C, 0xAA, 0x74, 0x49, 0x69, 0x9F, 0xA0, 0x70, 0x57, 0x83, 0xB5, 
0x9E, 0x64, 0x65, 0x95, 0xA6, 0x79, 0x4F, 0x61, 0x96, 0x9A, 0x69, 0x59, 0x82, 0xB2, 0xA1, 0x6C, 
0x66, 0x8A, 0x9F, 0x86, 0x62, 0x70, 0x94, 0x97, 0x6D, 0x53, 0x77, 0xA3, 0x9C, 0x63, 0x61, 0x9C, 
0xB2, 0x84, 0x59, 0x76, 0xA4, 0x8C, 0x55, 0x55, 0x8C, 0x9C, 0x6F, 0x5A, 0x86, 0xB5, 0x99, 0x66, 
0x6C, 0x95, 0x9D, 0x72, 0x60, 0x85, 0x9F, 0x7F, 0x53, 0x69, 0x9F, 0xA0, 0x6B, 0x5B, 0x94, 0xB7, 
0x89, 0x5B, 0x74, 0xA6, 0x96, 0x58, 0x4C, 0x87, 0xA1, 0x71, 0x53, 0x7F, 0xB6, 0x9D, 0x60, 0x6A, 
0x9D, 0xA0, 0x6D, 0x59, 0x8D, 0xAC, 0x7B, 0x4B, 0x68, 0xA4, 0xA0, 0x67, 0x55, 0x95, 0xBC, 0x86, 
0x53, 0x79, 0xB3, 0x9C, 0x4F, 0x49, 0x92, 0xAC, 0x66, 0x40, 0x82, 0xBF, 0x9C, 0x54, 0x64, 0xAC, 
0xAB, 0x64, 0x49, 0x8C, 0xBE, 0x82, 0x40, 0x61, 0xAA, 0xA6, 0x61, 0x50, 0x8E, 0xC1, 0x8D, 0x4C, 
0x6F, 0xB5, 0xA5, 0x56, 0x48, 0x8C, 0xAF, 0x75, 0x3F, 0x72, 0xBA, 0xA3, 0x5A, 0x5B, 0xAC, 0xB6, 
0x68, 0x43, 0x80, 0xC2, 0x91, 0x41, 0x55, 0xA6, 0xAE, 0x65, 0x47, 0x8B, 0xC1, 0x90, 0x4C, 0x6B, 
0xB8, 0xAD, 0x58, 0x44, 0x91, 0xB7, 0x75, 0x36, 0x69, 0xBC, 0xA7, 0x58, 0x55, 0xA6, 0xC2, 0x6D, 
0x3A, 0x7F, 0xC6, 0x9A, 0x40, 0x4C, 0xA7, 0xB4, 0x63, 0x3F, 0x87, 0xBF, 0x8E, 0x4C, 0x6C, 0xB9, 
0xAC, 0x58, 0x48, 0x95, 0xB6, 0x71, 0x37, 0x6D, 0xBC, 0xA2, 0x54, 0x59, 0xA5, 0xBE, 0x73, 0x3E, 
0x79, 0xBD, 0x99, 0x4C, 0x54, 0xA3, 0xAB, 0x60, 0x46, 0x8C, 0xBD, 0x8A, 0x4B, 0x70, 0xBA, 0xAC, 
0x5C, 0x4B, 0x94, 0xB7, 0x77, 0x3F, 0x6A, 0xB2, 0xA0, 0x55, 0x58, 0xA4, 0xBE, 0x74, 0x3F, 0x79, 
0xC0, 0x9B, 0x4D, 0x52, 0xA0, 0xB4, 0x68, 0x3D, 0x7D, 0xC0, 0x96, 0x47, 0x5C, 0xB0, 0xB8, 0x68, 
0x44, 0x85, 0xC0, 0x8D, 0x3F, 0x56, 0xAA, 0xB1, 0x62, 0x45, 0x92, 0xCA, 0x90, 0x41, 0x5D, 0xB5, 
0xB2, 0x5B, 0x42, 0x8E, 0xBC, 0x82, 0x41, 0x6B, 0xBA, 0xA5, 0x52, 0x50, 0xA3, 0xBC, 0x75, 0x44, 
0x7A, 0xBF, 0x9B, 0x48, 0x4B, 0x92, 0xAA, 0x84, 0x6B, 0x82, 0x94, 0x86, 0x76, 0x7E, 0x86, 0x87, 
0x7C, 0x73, 0x7E, 0x8A, 0x81, 0x71, 0x74, 0x8B, 0x90, 0x7B, 0x74, 0x87, 0x95, 0x82, 0x70, 0x80, 
0x92, 0x86, 0x6D, 0x6E, 0x86, 0x8A, 0x79, 0x6F, 0x7F, 0x8F, 0x86, 0x77, 0x7C, 0x89, 0x87, 0x79, 
0x76, 0x84, 0x8C, 0x7C, 0x72, 0x7E, 0x87, 0x85, 0x7E, 0x7C, 0x83, 0x8E, 0x86, 0x79, 0x80, 0x8B, 
0x87, 0x78, 0x73, 0x80, 0x86, 0x7B, 0x75, 0x81, 0x8A, 0x87, 0x7E, 0x7E, 0x84, 0x85, 0x7E, 0x7D, 
0x82, 0x84, 0x83, 0x7D, 0x7D, 0x82, 0x83, 0x7E, 0x7C, 0x81, 0x85, 0x82, 0x7E, 0x81, 0x82, 0x83, 
0x7F, 0x7C, 0x7D, 0x80, 0x81, 0x7D, 0x7D, 0x7E, 0x83, 0x82, 0x7F, 0x7F, 0x7F, 0x7E, 0x83, 0x85, 
0x81, 0x7F, 0x81, 0x7F, 0x81, 0x7F, 0x7D, 0x80, 0x82, 0x80, 0x82, 0x84, 0x81, 0x80, 0x81, 0x82, 
0x80, 0x7F, 0x7D, 0x81, 0x84, 0x7E, 0x7C, 0x81, 0x88, 0x86, 0x7E, 0x7D, 0x7F, 0x81, 0x7F, 0x7D, 
0x80, 0x82, 0x80, 0x7F, 0x80, 0x80, 0x80, 0x82, 0x81, 0x80, 0x83, 0x82, 0x81, 0x81, 0x80, 0x7D, 
0x7D, 0x7D, 0x82, 0x83, 0x7E, 0x7D, 0x80, 0x81, 0x7F, 0x7E, 0x80, 0x82, 0x81, 0x7E, 0x7F, 0x82, 
0x81, 0x80, 0x7D, 0x82, 0x84, 0x7F, 0x7C, 0x81, 0x81, 0x80, 0x7E, 0x80, 0x82, 0x81, 0x82, 0x7F, 
0x7F, 0x7F, 0x81, 0x81, 0x80, 0x82, 0x81, 0x80, 0x80, 0x7D, 0x82, 0x80, 0x7D, 0x7F, 0x85, 0x81, 
0x7B, 0x7F, 0x82, 0x82, 0x81, 0x81, 0x7E, 0x7E, 0x7E, 0x83, 0x80, 0x80, 0x85, 0x81, 0x7D, 0x7E, 
0x85, 0x82, 0x7D, 0x7F, 0x80, 0x7F, 0x80, 0x80, 0x82, 0x7F, 0x82, 0x7F, 0x7F, 0x7F, 0x82, 0x82, 
0x83, 0x81, 0x7E, 0x81, 0x7D, 0x7C, 0x7B, 0x83, 0x80, 0x81, 0x81, 0x82, 0x82, 0x81, 0x82, 0x81, 
0x7E, 0x80, 0x80, 0x7E, 0x7E, 0x7F, 0x82, 0x85, 0x83, 0x7F, 0x84, 0x7D, 0x7F, 0x8B, 0x8F, 0x70, 
0x65, 0x80, 0x91, 0x76, 0x63, 0x90, 0xA7, 0x7D, 0x74, 0xA6, 0x9D, 0x62, 0x74, 0xA2, 0x72, 0x3F, 
0x76, 0x9B, 0x64, 0x61, 0xA6, 0xAF, 0x6D, 0x7B, 0xA5, 0x7A, 0x4E, 0x8A, 0xC0, 0x6E, 0x43, 0x8B, 
0xA7, 0x5C, 0x5E, 0xAD, 0x9D, 0x5C, 0x83, 0xB4, 0x83, 0x57, 0x8E, 0x9F, 0x4E, 0x42, 0x96, 0x99, 
0x4F, 0x6F, 0xC3, 0x9E, 0x58, 0x8F, 0xA6, 0x55, 0x51, 0xBB, 0xB8, 0x3F, 0x54, 0xAA, 0x91, 0x44, 
0x7A, 0xBA, 0x80, 0x59, 0xA4, 0xB6, 0x68, 0x5C, 0xAE, 0x93, 0x35, 0x5C, 0xAC, 0x7F, 0x48, 0x8D, 
0xC6, 0x7E, 0x5D, 0xA6, 0x9A, 0x44, 0x67, 0xCE, 0x98, 0x31, 0x70, 0xB6, 0x77, 0x3F, 0x97, 0xB9, 
0x63, 0x62, 0xBF, 0xAA, 0x50, 0x73, 0xBD, 0x72, 0x27, 0x77, 0xB3, 0x63, 0x4E, 0xAF, 0xBD, 0x5C, 
0x6D, 0xB5, 0x78, 0x36, 0x91, 0xD4, 0x6C, 0x35, 0x92, 0xA8, 0x54, 0x56, 0xB6, 0xA3, 0x4E, 0x81, 
0xC6, 0x88, 0x4F, 0x97, 0xAF, 0x4A, 0x39, 0x96, 0x9C, 0x51, 0x6B, 0xBE, 0x9A, 0x55, 0x8B, 0xAC, 
0x5D, 0x4F, 0xAF, 0xBD, 0x50, 0x4D, 0x9F, 0x90, 0x47, 0x71, 0xBC, 0x8A, 0x50, 0x99, 0xBA, 0x73, 
0x59, 0xA7, 0x9C, 0x3C, 0x50, 0xA6, 0x8C, 0x49, 0x7D, 0xC5, 0x88, 0x55, 0x99, 0xA5, 0x51, 0x60, 
0xBD, 0xA8, 0x3F, 0x68, 0xAD, 0x7D, 0x42, 0x89, 0xBE, 0x73, 0x55, 0xAC, 0xB0, 0x5F, 0x69, 0xB3, 
0x85, 0x35, 0x6E, 0xAB, 0x75, 0x4F, 0x99, 0xBD, 0x71, 0x61, 0xA6, 0x94, 0x46, 0x74, 0xC9, 0x8F, 
0x35, 0x7D, 0xB2, 0x69, 0x43, 0x9C, 0xB8, 0x5F, 0x65, 0xB7, 0x9F, 0x52, 0x79, 0xB7, 0x74, 0x36, 
0x7D, 0xAA, 0x6A, 0x51, 0xA1, 0xB6, 0x69, 0x6B, 0xAC, 0x86, 0x42, 0x82, 0xCE, 0x81, 0x3C, 0x86, 
0xAE, 0x63, 0x49, 0xA3, 0xB1, 0x5B, 0x6D, 0xB9, 0x9A, 0x4E, 0x80, 0xB8, 0x6B, 0x38, 0x84, 0xA7, 
0x61, 0x52, 0xA9, 0xB3, 0x61, 0x6E, 0xAE, 0x83, 0x41, 0x8A, 0xD2, 0x76, 0x38, 0x8B, 0xB0, 0x5C, 
0x4C, 0xAB, 0xAC, 0x56, 0x70, 0xBE, 0x95, 0x4B, 0x87, 0xB7, 0x62, 0x39, 0x8A, 0xA6, 0x56, 0x59, 
0xB3, 0xAB, 0x58, 0x78, 0xB0, 0x74, 0x44, 0x9D, 0xC7, 0x61, 0x44, 0x9A, 0xA3, 0x4D, 0x5E, 0xB6, 
0x96, 0x4D, 0x85, 0xC3, 0x7D, 0x4B, 0x9C, 0xAB, 0x4B, 0x47, 0xA2, 0x98, 0x49, 0x71, 0xC2, 0x92, 
0x4D, 0x8D, 0xAD, 0x5C, 0x4C, 0xB4, 0xB6, 0x46, 0x55, 0xAD, 0x8F, 0x43, 0x79, 0xC0, 0x7E, 0x50, 
0xA0, 0xB8, 0x64, 0x5A, 0xAF, 0x9A, 0x3D, 0x5F, 0xAD, 0x81, 0x47, 0x89, 0xC4, 0x7D, 0x52, 0x9F, 
0xA5, 0x4F, 0x5D, 0xC2, 0xA3, 0x3B, 0x65, 0xB5, 0x83, 0x3C, 0x83, 0xC2, 0x73, 0x50, 0xA8, 0xB5, 
0x5C, 0x61, 0xB8, 0x92, 0x36, 0x66, 0xB1, 0x7D, 0x43, 0x8C, 0xC5, 0x76, 0x54, 0xA6, 0xA3, 0x4A, 
0x63, 0xCB, 0x9B, 0x38, 0x6F, 0xB9, 0x7B, 0x3B, 0x8B, 0xC0, 0x6B, 0x53, 0xAF, 0xB0, 0x53, 0x66, 
0xBA, 0x86, 0x35, 0x71, 0xB2, 0x71, 0x47, 0x9A, 0xBE, 0x68, 0x5C, 0xAD, 0x95, 0x44, 0x78, 0xCF, 
0x83, 0x34, 0x84, 0xB9, 0x65, 0x43, 0xA2, 0xB6, 0x59, 0x62, 0xBC, 0x9E, 0x47, 0x7C, 0xBE, 0x6F, 
0x33, 0x86, 0xB3, 0x5E, 0x4D, 0xB0, 0xB6, 0x57, 0x6B, 0xB8, 0x83, 0x3D, 0x8B, 0xD2, 0x6F, 0x36, 
0x95, 0xB5, 0x56, 0x50, 0xB6, 0xA7, 0x4B, 0x7C, 0xC7, 0x84, 0x41, 0x94, 0xB5, 0x50, 0x3D, 0x9F, 
0xA2, 0x48, 0x63, 0xBE, 0x9B, 0x48, 0x84, 0xBA, 0x69, 0x49, 0xA6, 0xBE, 0x50, 0x4C, 0xAC, 0x9F, 
0x3F, 0x6A, 0xC1, 0x8A, 0x47, 0x98, 0xC2, 0x67, 0x51, 0xAE, 0xA3, 0x3C, 0x5A, 0xB3, 0x88, 0x3F, 
0x86, 0xC6, 0x7B, 0x4B, 0x9E, 0xA8, 0x4C, 0x62, 0xC3, 0x9E, 0x38, 0x6F, 0xBC, 0x7D, 0x3E, 0x90, 
0xB8, 0x65, 0x57, 0xB4, 0xA9, 0x50, 0x6D, 0xB9, 0x7F, 0x39, 0x7D, 0xB2, 0x68, 0x4C, 0xA4, 0xB9, 
0x6C, 0x66, 0x9A, 0x7D, 0x59, 0x8C, 0xAE, 0x72, 0x5E, 0x8F, 0x8E, 0x66, 0x75, 0x9A, 0x87, 0x72, 
0x8B, 0x96, 0x80, 0x75, 0x87, 0x82, 0x67, 0x6A, 0x83, 0x7E, 0x6A, 0x80, 0x9C, 0x88, 0x79, 0x8E, 
0x8A, 0x65, 0x76, 0x99, 0x97, 0x71, 0x70, 0x83, 0x80, 0x72, 0x7E, 0x8E, 0x7F, 0x7B, 0x92, 0x8C, 
0x79, 0x82, 0x8D, 0x74, 0x6B, 0x78, 0x78, 0x72, 0x80, 0x87, 0x89, 0x8A, 0x89, 0x85, 0x7B, 0x71, 
0x80, 0x92, 0x92, 0x76, 0x73, 0x7C, 0x81, 0x79, 0x7D, 0x85, 0x80, 0x83, 0x8D, 0x88, 0x80, 0x87, 
0x83, 0x74, 0x70, 0x78, 0x72, 0x78, 0x86, 0x87, 0x84, 0x8B, 0x8B, 0x80, 0x76, 0x78, 0x86, 0x8E, 
0x8A, 0x7A, 0x79, 0x76, 0x7D, 0x7F, 0x81, 0x7F, 0x82, 0x87, 0x88, 0x86, 0x87, 0x87, 0x7C, 0x76, 
0x74, 0x73, 0x77, 0x81, 0x85, 0x84, 0x88, 0x8B, 0x87, 0x7E, 0x74, 0x7A, 0x8A, 0x93, 0x81, 0x74, 
0x7D, 0x7E, 0x7A, 0x79, 0x83, 0x84, 0x83, 0x86, 0x8A, 0x87, 0x85, 0x88, 0x81, 0x70, 0x70, 0x7A, 
0x7C, 0x7C, 0x7F, 0x87, 0x87, 0x85, 0x84, 0x80, 0x75, 0x7B, 0x8B, 0x90, 0x7D, 0x78, 0x7E, 0x7B, 
0x78, 0x7D, 0x87, 0x80, 0x80, 0x89, 0x8A, 0x81, 0x82, 0x86, 0x7C, 0x6E, 0x75, 0x7B, 0x7B, 0x81, 
0x85, 0x88, 0x86, 0x87, 0x84, 0x7D, 0x74, 0x80, 0x8C, 0x8A, 0x79, 0x7F, 0x81, 0x7B, 0x79, 0x80, 
0x83, 0x82, 0x85, 0x8A, 0x85, 0x84, 0x84, 0x84, 0x7A, 0x73, 0x79, 0x7C, 0x7C, 0x80, 0x84, 0x86, 
0x85, 0x86, 0x84, 0x7E, 0x7A, 0x83, 0x8A, 0x85, 0x7B, 0x7E, 0x7C, 0x79, 0x79, 0x7E, 0x81, 0x82, 
0x85, 0x87, 0x83, 0x80, 0x81, 0x82, 0x7B, 0x76, 0x79, 0x7C, 0x7F, 0x82, 0x83, 0x86, 0x88, 0x84, 
0x80, 0x7A, 0x7C, 0x81, 0x8A, 0x84, 0x7D, 0x80, 0x81, 0x7D, 0x79, 0x7F, 0x83, 0x82, 0x83, 0x85, 
0x82, 0x81, 0x83, 0x81, 0x7C, 0x79, 0x7B, 0x7C, 0x7D, 0x7F, 0x82, 0x86, 0x85, 0x83, 0x82, 0x7D, 
0x7E, 0x84, 0x87, 0x80, 0x7C, 0x81, 0x7F, 0x7E, 0x7E, 0x82, 0x81, 0x81, 0x85, 0x85, 0x7F, 0x7F, 
0x83, 0x82, 0x7A, 0x7B, 0x7E, 0x7C, 0x7E, 0x82, 0x84, 0x83, 0x82, 0x83, 0x81, 0x7B, 0x7E, 0x83, 
0x85, 0x7E, 0x7E, 0x80, 0x80, 0x80, 0x80, 0x80, 0x80, 0x80, 0x80, 0x80, 0x80, 0x7F, 0x80, 0x80, 
0x80, 0x80, 0x80, 0x80, 0x80, 0x80, 0x80, 0x80, 0x80, 0x80, 0x80, 0x80, 0x80, 0x80, 0x80, 0x80, 
0x80, 0x80, 0x80, 0x7F, 0x7F, 0x80, 0x80, 0x80, 0x80, 0x80, 0x80, 0x7F, 0x80, 0x80, 0x80, 0x80, 
0x80, 0x80, 0x80, 0x80, 0x80, 0x80, 0x80, 0x80, 0x80, 0x80, 0x80, 0x80, 0x80, 0x80, 0x80, 0x80, 
0x80, 0x80, 0x80, 0x80, 0x80, 0x80, 0x80, 0x80, 0x80, 0x80, 0x80, 0x80, 0x80, 0x80, 0x80, 0x80, 
0x80, 0x80, 0x80, 0x80, 0x80, 0x80, 0x80, 0x80, 0x80, 0x80, 0x80, 0x80, 0x80, 0x80, 0x80, 0x80, 
0x80, 0x80, 0x80, 0x80, 0x80, 0x80, 0x80, 0x80, 0x80, 0x80, 0x80, 0x80, 0x80, 0x80, 0x80, 0x80, 
0x80, 0x80, 0x80, 0x80, 0x80, 0x80, 0x80, 0x80, 0x80, 0x80, 0x80, 0x80, 0x80, 0x80
};

#define AUDIO_DEATH_LEN 6400U
static const u8 AUDIO_DEATH[] = {
0x80, 0x7F, 0x80, 0x80, 0x80, 0x80, 0x7F, 0x7F, 0x81, 0x80, 0x80, 0x81, 0x80, 0x81, 0x80, 0x7E, 
0x81, 0x7F, 0x80, 0x81, 0x7F, 0x80, 0x80, 0x81, 0x81, 0x80, 0x80, 0x81, 0x80, 0x80, 0x7F, 0x7E, 
0x80, 0x80, 0x7F, 0x82, 0x7F, 0x7F, 0x81, 0x80, 0x81, 0x80, 0x80, 0x81, 0x7F, 0x80, 0x80, 0x81, 
0x80, 0x82, 0x81, 0x81, 0x80, 0x7F, 0x80, 0x80, 0x80, 0x80, 0x7F, 0x7E, 0x80, 0x7F, 0x7F, 0x80, 
0x82, 0x7F, 0x7F, 0x80, 0x7E, 0x7D, 0x81, 0x7F, 0x80, 0x81, 0x80, 0x7C, 0x81, 0x81, 0x7F, 0x81, 
0xC0, 0xC9, 0xE3, 0x8C, 0x81, 0xB1, 0x8D, 0xC5, 0xE2, 0x62, 0x7F, 0xB2, 0xB6, 0xD0, 0x86, 0x74, 
0xA7, 0x7F, 0xBB, 0xD7, 0x55, 0x6E, 0x9F, 0x8D, 0xAF, 0x6B, 0x51, 0x8B, 0x6A, 0xA3, 0xBA, 0x40, 
0x5C, 0x97, 0x99, 0xB4, 0x70, 0x5B, 0x92, 0x68, 0xA9, 0xCF, 0x31, 0x52, 0x96, 0x7D, 0x9F, 0x67, 
0x46, 0x78, 0x60, 0xA1, 0xB9, 0x2F, 0x58, 0x96, 0x86, 0xAC, 0x6D, 0x4D, 0x82, 0x62, 0x9E, 0xC5, 
0x2B, 0x54, 0x91, 0x66, 0x9E, 0x98, 0x38, 0x62, 0x70, 0x8B, 0xAA, 0x49, 0x4B, 0x7D, 0x5A, 0x9C, 
0xBF, 0x3A, 0x56, 0x92, 0x6A, 0x94, 0xA0, 0x48, 0x57, 0x78, 0x88, 0x9C, 0x5C, 0x52, 0x75, 0x58, 
0x9A, 0xB8, 0x3C, 0x56, 0x9B, 0x65, 0xA3, 0xB1, 0x35, 0x4E, 0x8C, 0x7B, 0xA0, 0x7C, 0x51, 0x6E, 
0x68, 0x9C, 0xBC, 0x33, 0x44, 0x90, 0x61, 0x9E, 0xBD, 0x2F, 0x4C, 0x95, 0x83, 0xA6, 0x8F, 0x4F, 
0x6B, 0x7A, 0xA3, 0xBA, 0x53, 0x53, 0x7E, 0x69, 0xAC, 0xBC, 0x38, 0x50, 0x86, 0x69, 0xAE, 0xBE, 
0x3D, 0x5C, 0x94, 0x67, 0xAA, 0xC1, 0x34, 0x4C, 0x91, 0x69, 0xA9, 0xBA, 0x3B, 0x55, 0x8F, 0x6C, 
0xA5, 0xA8, 0x3F, 0x56, 0x88, 0x77, 0xA8, 0x9E, 0x44, 0x5E, 0x88, 0x83, 0xA9, 0x92, 0x4E, 0x69, 
0x7A, 0x8F, 0xAF, 0x6E, 0x4D, 0x72, 0x68, 0x97, 0xB7, 0x59, 0x5C, 0x7C, 0x68, 0xAB, 0xC8, 0x4C, 
0x59, 0x81, 0x5E, 0xA7, 0xCB, 0x41, 0x5B, 0x94, 0x5F, 0xAC, 0xCE, 0x3B, 0x56, 0x8A, 0x5A, 0xB2, 
0xC3, 0x40, 0x5D, 0x78, 0x68, 0xB0, 0xB3, 0x60, 0x5C, 0x6B, 0x7B, 0x9C, 0xA5, 0x80, 0x51, 0x63, 
0x8B, 0x90, 0x9F, 0x89, 0x47, 0x63, 0x8F, 0x87, 0xA5, 0xA0, 0x4E, 0x6A, 0x97, 0x75, 0x9C, 0xA9, 
0x38, 0x5E, 0x9B, 0x6A, 0x9F, 0xBB, 0x3B, 0x64, 0x9C, 0x57, 0xA1, 0xC4, 0x34, 0x5E, 0x9C, 0x58, 
0x9C, 0xCB, 0x45, 0x60, 0x95, 0x5E, 0x96, 0xC1, 0x57, 0x60, 0x84, 0x71, 0x8A, 0xAE, 0x8B, 0x51, 
0x64, 0x8C, 0x77, 0x9C, 0xC0, 0x4B, 0x53, 0x9D, 0x6C, 0x95, 0xCB, 0x51, 0x45, 0x7D, 0x75, 0x97, 
0xBF, 0x86, 0x45, 0x60, 0x91, 0x7E, 0xAD, 0xB7, 0x36, 0x58, 0x9A, 0x64, 0xAD, 0xC6, 0x42, 0x62, 
0x82, 0x6D, 0xA8, 0xB3, 0x72, 0x53, 0x67, 0x8B, 0x83, 0xA8, 0xA8, 0x33, 0x60, 0x9B, 0x61, 0xB1, 
0xBD, 0x39, 0x6F, 0x8C, 0x65, 0xAE, 0xAE, 0x61, 0x5E, 0x63, 0x7A, 0x93, 0xAC, 0x9C, 0x4D, 0x60, 
0x92, 0x77, 0xA7, 0xB1, 0x3C, 0x62, 0x96, 0x69, 0xA6, 0xBA, 0x40, 0x5F, 0x98, 0x6E, 0xA1, 0xC0, 
0x49, 0x5B, 0x9A, 0x6D, 0xA0, 0xBF, 0x45, 0x54, 0x91, 0x72, 0xA1, 0xB9, 0x57, 0x56, 0x88, 0x7E, 
0x9D, 0xB3, 0x65, 0x49, 0x78, 0x81, 0x8D, 0xAC, 0x78, 0x4D, 0x70, 0x86, 0x97, 0xAA, 0x78, 0x47, 
0x6A, 0x92, 0x8B, 0x9F, 0x93, 0x46, 0x66, 0x9F, 0x85, 0xA0, 0xA5, 0x42, 0x62, 0x9E, 0x85, 0x9F, 
0x9F, 0x49, 0x60, 0x8F, 0x8C, 0x9F, 0x90, 0x58, 0x66, 0x7E, 0x99, 0xB0, 0x7A, 0x5C, 0x74, 0x69, 
0x9A, 0xBB, 0x54, 0x59, 0x7E, 0x60, 0xAF, 0xCC, 0x45, 0x5A, 0x82, 0x59, 0xB3, 0xCD, 0x3C, 0x58, 
0x8A, 0x58, 0xAF, 0xD9, 0x42, 0x4A, 0x99, 0x6F, 0xA2, 0xCA, 0x42, 0x4E, 0xA2, 0x6B, 0x9F, 0xC1, 
0x33, 0x5A, 0xA4, 0x6C, 0xA5, 0xB0, 0x3C, 0x6C, 0xA4, 0x77, 0x9E, 0x98, 0x4E, 0x66, 0x8B, 0x8D, 
0x9C, 0x71, 0x62, 0x80, 0x81, 0x9E, 0xA9, 0x45, 0x5A, 0x94, 0x78, 0x9C, 0xA2, 0x45, 0x64, 0x8B, 
0x92, 0xA9, 0x74, 0x53, 0x77, 0x81, 0xB0, 0xB0, 0x42, 0x5C, 0x9C, 0x69, 0xA1, 0xC6, 0x37, 0x4E, 
0xA8, 0x84, 0xA5, 0x98, 0x45, 0x75, 0x85, 0x9B, 0xBF, 0x44, 0x50, 0x90, 0x66, 0xAC, 0xC7, 0x2D, 
0x56, 0x9C, 0x7B, 0xA3, 0x9A, 0x46, 0x61, 0x7D, 0x9D, 0xB9, 0x64, 0x4E, 0x88, 0x70, 0xAA, 0xCB, 
0x39, 0x55, 0xA0, 0x73, 0xAF, 0x9E, 0x44, 0x70, 0x73, 0xA9, 0xC8, 0x34, 0x4C, 0x9C, 0x79, 0xA6, 
0xA0, 0x55, 0x67, 0x70, 0xA6, 0xC6, 0x3D, 0x4D, 0x90, 0x72, 0xA6, 0xAA, 0x51, 0x69, 0x7A, 0x9A, 
0xC7, 0x4A, 0x4C, 0xA2, 0x77, 0x95, 0xA6, 0x51, 0x6E, 0x84, 0x96, 0xB1, 0x4E, 0x5D, 0x9C, 0x71, 
0x9B, 0xA1, 0x4C, 0x70, 0x7D, 0x9B, 0xB7, 0x37, 0x5C, 0xA6, 0x6B, 0xA8, 0xA0, 0x48, 0x7F, 0x84, 
0x9C, 0xB8, 0x3E, 0x5B, 0x9F, 0x6A, 0x9F, 0x95, 0x56, 0x77, 0x73, 0xA9, 0xB8, 0x3C, 0x5C, 0x8A, 
0x95, 0xAD, 0x4E, 0x5B, 0x99, 0x7B, 0x9E, 0x8F, 0x57, 0x83, 0x77, 0x9D, 0xB8, 0x47, 0x5C, 0x93, 
0x94, 0xAC, 0x5A, 0x5B, 0x94, 0x73, 0x9F, 0xA1, 0x5F, 0x6F, 0x6B, 0xB0, 0xBF, 0x41, 0x54, 0x7D, 
0x93, 0xB9, 0x4C, 0x62, 0x99, 0x64, 0xA0, 0xA1, 0x5B, 0x70, 0x58, 0x9E, 0xC1, 0x47, 0x61, 0x86, 
0x8E, 0xAB, 0x5E, 0x6E, 0x93, 0x6D, 0xA9, 0x8E, 0x5C, 0x8C, 0x64, 0x9D, 0xB6, 0x4D, 0x69, 0x70, 
0xA6, 0xBB, 0x45, 0x61, 0x8B, 0x9D, 0xB6, 0x4B, 0x56, 0x93, 0x8C, 0x9E, 0x57, 0x59, 0x90, 0x7C, 
0xA5, 0x74, 0x69, 0x96, 0x54, 0x9F, 0xB2, 0x4D, 0x74, 0x70, 0x9C, 0xBB, 0x4B, 0x68, 0x89, 0x9D, 
0xB0, 0x41, 0x66, 0xA2, 0x8C, 0xA3, 0x4E, 0x57, 0xA2, 0x89, 0xA4, 0x60, 0x52, 0x92, 0x7A, 0xB5, 
0x83, 0x44, 0x9C, 0x76, 0xA1, 0xAF, 0x40, 0x6C, 0x80, 0x84, 0xBB, 0x6E, 0x43, 0x83, 0x7E, 0x9A, 
0xAF, 0x53, 0x57, 0x83, 0x75, 0x9B, 0xAB, 0x55, 0x5B, 0x81, 0x71, 0xAB, 0xB1, 0x48, 0x5D, 0x87, 
0x6E, 0xB0, 0xC4, 0x36, 0x48, 0x9D, 0x75, 0xA9, 0xC6, 0x29, 0x55, 0xA8, 0x66, 0xB7, 0xC6, 0x2C, 
0x5C, 0x9D, 0x7B, 0xA4, 0xB0, 0x3D, 0x44, 0x96, 0x8E, 0xA7, 0x9C, 0x3A, 0x6A, 0x90, 0x7B, 0xBA, 
0x8B, 0x43, 0x6D, 0x73, 0x9D, 0xC3, 0x6B, 0x55, 0x77, 0x71, 0xA0, 0xC1, 0x78, 0x50, 0x68, 0x80, 
0x91, 0xB6, 0x90, 0x3F, 0x62, 0x83, 0x84, 0xBD, 0x8A, 0x42, 0x75, 0x89, 0x7C, 0xB0, 0xA3, 0x42, 
0x5D, 0x93, 0x70, 0x9A, 0xC3, 0x49, 0x4C, 0xA6, 0x71, 0x9E, 0xC4, 0x44, 0x54, 0x92, 0x77, 0x9F, 
0xBC, 0x4E, 0x52, 0x9A, 0x73, 0x95, 0xC3, 0x51, 0x56, 0x8D, 0x69, 0xA7, 0xBF, 0x50, 0x54, 0x81, 
0x6C, 0x9B, 0xC3, 0x61, 0x44, 0x7E, 0x7E, 0x9F, 0xBA, 0x76, 0x4F, 0x67, 0x89, 0x90, 0xA3, 0xA8, 
0x32, 0x5F, 0xA8, 0x67, 0xAD, 0xC5, 0x36, 0x59, 0x8E, 0x71, 0xA1, 0xB1, 0x6C, 0x4E, 0x62, 0x8D, 
0x93, 0xAC, 0x98, 0x44, 0x5A, 0x94, 0x82, 0xA3, 0xC4, 0x38, 0x52, 0x92, 0x60, 0xB3, 0xC3, 0x51, 
0x51, 0x76, 0x7E, 0xA0, 0xB5, 0x96, 0x47, 0x4A, 0xA6, 0x77, 0x99, 0xC9, 0x2E, 0x4F, 0x98, 0x71, 
0xA1, 0xB6, 0x61, 0x4A, 0x6F, 0x86, 0x97, 0xA0, 0x9A, 0x41, 0x55, 0x9E, 0x77, 0xAB, 0xC0, 0x40, 
0x58, 0x86, 0x75, 0xA3, 0xB6, 0x89, 0x41, 0x59, 0x99, 0x75, 0xAA, 0xBE, 0x43, 0x5A, 0x6F, 0x88, 
0x9A, 0xAA, 0xAB, 0x39, 0x59, 0x8E, 0x6B, 0xA9, 0xB3, 0x5E, 0x50, 0x66, 0x92, 0x7E, 0xA6, 0xC4, 
0x39, 0x51, 0x8C, 0x71, 0x97, 0xB5, 0x89, 0x45, 0x5E, 0x9B, 0x73, 0x9C, 0xC7, 0x47, 0x61, 0x80, 
0x68, 0x9F, 0xA4, 0x90, 0x56, 0x60, 0x89, 0x67, 0xA9, 0xBE, 0x4E, 0x64, 0x81, 0x7C, 0x8F, 0xA4, 
0xB2, 0x38, 0x5E, 0x94, 0x60, 0xA0, 0xA9, 0x9B, 0x3D, 0x5E, 0xA2, 0x5F, 0xA8, 0xAC, 0x7D, 0x42, 
0x63, 0xA4, 0x58, 0xA8, 0xBF, 0x5D, 0x53, 0x6F, 0x90, 0x6E, 0xAC, 0xC8, 0x44, 0x5D, 0x79, 0x76, 
0x84, 0xA5, 0xC5, 0x37, 0x58, 0x82, 0x6E, 0x9F, 0xAB, 0xB8, 0x40, 0x52, 0x87, 0x76, 0xA3, 0xA2, 
0x9F, 0x3A, 0x46, 0x9D, 0x71, 0xA1, 0xB8, 0x89, 0x3A, 0x4C, 0xAD, 0x66, 0xA0, 0xC5, 0x5F, 0x4C, 
0x5F, 0xA1, 0x78, 0xA3, 0xBC, 0x5F, 0x50, 0x63, 0x9E, 0x79, 0xA6, 0xAD, 0x6F, 0x47, 0x50, 0xA9, 
0x79, 0x97, 0xAB, 0x8E, 0x3B, 0x5B, 0xA8, 0x73, 0x99, 0xA9, 0x9D, 0x2A, 0x61, 0x94, 0x6A, 0x9C, 
0xA8, 0xAD, 0x2E, 0x68, 0x85, 0x78, 0x98, 0x93, 0xC9, 0x31, 0x51, 0x88, 0x80, 0x87, 0xA9, 0xBE, 
0x3F, 0x57, 0x74, 0x97, 0x73, 0xB2, 0xBF, 0x43, 0x4F, 0x6A, 0x99, 0x72, 0xB1, 0xAF, 0x5F, 0x4D, 
0x5A, 0xB0, 0x6F, 0xAE, 0xB3, 0x5F, 0x54, 0x54, 0xAE, 0x69, 0xA0, 0xBE, 0x47, 0x57, 0x6F, 0xA3, 
0x7E, 0x92, 0xCD, 0x36, 0x4D, 0x89, 0x82, 0x8F, 0x95, 0xBE, 0x30, 0x5E, 0x9D, 0x66, 0xA7, 0x96, 
0xA8, 0x40, 0x59, 0xB2, 0x56, 0xA6, 0xA8, 0x77, 0x55, 0x65, 0x9F, 0x65, 0x9F, 0xBD, 0x60, 0x52, 
0x7C, 0x96, 0x66, 0xA7, 0xBE, 0x34, 0x5B, 0x7B, 0x7F, 0x87, 0xAA, 0xAE, 0x3C, 0x61, 0x7C, 0x7C, 
0x8E, 0xAA, 0xAD, 0x30, 0x5F, 0x8D, 0x71, 0xA3, 0xB2, 0x8A, 0x43, 0x63, 0xA0, 0x74, 0xA6, 0xC0, 
0x49, 0x5A, 0x74, 0x87, 0x94, 0x9F, 0xAB, 0x36, 0x5D, 0x9D, 0x67, 0xB2, 0xB6, 0x5A, 0x5D, 0x6B, 
0x82, 0x82, 0xA9, 0xA4, 0x37, 0x66, 0x92, 0x69, 0xAD, 0xB9, 0x5E, 0x52, 0x69, 0x89, 0x87, 0x9E, 
0xBA, 0x38, 0x56, 0x9A, 0x6F, 0x9C, 0xB3, 0x85, 0x3E, 0x6B, 0x9A, 0x69, 0xA7, 0xBC, 0x48, 0x50, 
0x82, 0x80, 0x87, 0xAB, 0xA2, 0x41, 0x5D, 0xA1, 0x6E, 0xA8, 0xBC, 0x4B, 0x57, 0x82, 0x75, 0x99, 
0xB1, 0x7F, 0x4F, 0x5D, 0xA0, 0x7A, 0xA1, 0xBF, 0x2A, 0x5C, 0x98, 0x6D, 0xA0, 0xBC, 0x4E, 0x59, 
0x83, 0x70, 0xA3, 0xAB, 0x7A, 0x62, 0x5B, 0x8B, 0x8C, 0x92, 0xAC, 0x48, 0x5E, 0xA4, 0x58, 0xA2, 
0xC2, 0x3B, 0x6E, 0x99, 0x6B, 0x9B, 0xAD, 0x70, 0x57, 0x6C, 0x8E, 0x7F, 0x8F, 0xAC, 0x46, 0x57, 
0xA5, 0x6F, 0x9A, 0xB4, 0x4A, 0x52, 0x89, 0x76, 0xA0, 0xAA, 0x64, 0x5F, 0x6E, 0x86, 0xA3, 0xA1, 
0x80, 0x52, 0x66, 0x95, 0x94, 0xA1, 0x8E, 0x4C, 0x5C, 0x93, 0x95, 0x9A, 0x9A, 0x46, 0x58, 0x9A, 
0x8A, 0xA4, 0xA7, 0x3F, 0x5B, 0x96, 0x79, 0xA1, 0xA6, 0x39, 0x5D, 0x9F, 0x7B, 0xA8, 0xAD, 0x38, 
0x59, 0x92, 0x7D, 0xAB, 0xAC, 0x3B, 0x56, 0x99, 0x72, 0xB2, 0xBA, 0x37, 0x5A, 0x8E, 0x71, 0xB3, 
0xB1, 0x55, 0x52, 0x75, 0x7E, 0xA1, 0xB1, 0x75, 0x43, 0x69, 0x83, 0x97, 0xB9, 0x85, 0x50, 0x6C, 
0x77, 0x9A, 0xB4, 0x71, 0x56, 0x6E, 0x6D, 0xA1, 0xBB, 0x67, 0x60, 0x7E, 0x65, 0x9F, 0xBB, 0x52, 
0x5B, 0x94, 0x60, 0x9F, 0xC2, 0x41, 0x5A, 0xA3, 0x67, 0xA0, 0xC5, 0x3A, 0x53, 0xA8, 0x72, 0xA2, 
0xAE, 0x41, 0x55, 0x99, 0x86, 0xAA, 0x98, 0x43, 0x68, 0x8B, 0x8F, 0xB9, 0x87, 0x42, 0x6C, 0x80, 
0x84, 0xB8, 0x79, 0x4A, 0x72, 0x82, 0x8D, 0xBA, 0x75, 0x3F, 0x81, 0x6E, 0x90, 0xCE, 0x5E, 0x45, 
0x95, 0x67, 0x91, 0xCE, 0x51, 0x54, 0x98, 0x7A, 0x94, 0xA7, 0x60, 0x5C, 0x8C, 0x92, 0xA0, 0x6E, 
0x5D, 0x81, 0x74, 0xA3, 0xB6, 0x49, 0x58, 0x9D, 0x76, 0xA2, 0xA6, 0x46, 0x56, 0x82, 0x95, 0xAD, 
0x76, 0x58, 0x7B, 0x63, 0xAC, 0xCC, 0x3C, 0x59, 0x95, 0x5D, 0xAB, 0xC6, 0x38, 0x60, 0x95, 0x75, 
0xB0, 0x8D, 0x50, 0x70, 0x82, 0x9A, 0xB0, 0x5B, 0x53, 0x85, 0x76, 0xAE, 0xA4, 0x46, 0x57, 0x8B, 
0x7D, 0xAD, 0xB5, 0x3D, 0x62, 0x86, 0x72, 0xAA, 0xB1, 0x4E, 0x58, 0x7C, 0x78, 0x9C, 0xA6, 0x89, 
0x44, 0x6D, 0x96, 0x6B, 0xAA, 0xAA, 0x3B, 0x61, 0x9A, 0x62, 0x9E, 0xC0, 0x4D, 0x61, 0x87, 0x75, 
0x8C, 0xB1, 0x8C, 0x4A, 0x6D, 0x98, 0x6F, 0x9D, 0xBE, 0x38, 0x62, 0xA0, 0x66, 0x9F, 0xB8, 0x5E, 
0x5C, 0x81, 0x8A, 0x88, 0xA3, 0x8A, 0x3A, 0x67, 0x99, 0x80, 0x9F, 0xAE, 0x43, 0x55, 0x95, 0x76, 
0x9E, 0xAE, 0x64, 0x50, 0x6E, 0x89, 0x8B, 0xA8, 0xA2, 0x53, 0x63, 0x8E, 0x6C, 0x9D, 0xB9, 0x79, 
0x5D, 0x67, 0x87, 0x6B, 0xA5, 0xC6, 0x43, 0x62, 0x8A, 0x68, 0x95, 0xB4, 0x92, 0x48, 0x5D, 0xA3, 
0x68, 0x95, 0xC4, 0x42, 0x53, 0x8C, 0x86, 0x8D, 0xA1, 0xA1, 0x43, 0x5F, 0x9F, 0x69, 0x9C, 0xB6, 
0x5F, 0x5D, 0x74, 0x83, 0x83, 0xAC, 0xAC, 0x44, 0x66, 0x7E, 0x6D, 0xAB, 0xB9, 0x6E, 0x4D, 0x65, 
0x78, 0x8B, 0xAD, 0xAF, 0x4A, 0x59, 0x82, 0x79, 0x9A, 0xB1, 0x9C, 0x3F, 0x66, 0x8A, 0x6A, 0xA1, 
0xA0, 0x88, 0x55, 0x60, 0x9D, 0x70, 0x9D, 0x9E, 0x7E, 0x56, 0x5D, 0xA3, 0x6C, 0x95, 0xAB, 0x69, 
0x63, 0x64, 0x9E, 0x75, 0x9C, 0xB8, 0x55, 0x5F, 0x78, 0x88, 0x7F, 0xA2, 0xB6, 0x43, 0x63, 0x7F, 
0x7F, 0x8A, 0xAA, 0xAC, 0x40, 0x65, 0x8E, 0x74, 0x98, 0x9E, 0x97, 0x41, 0x55, 0x96, 0x72, 0x9A, 
0xAC, 0x7F, 0x51, 0x56, 0xA5, 0x6A, 0x9E, 0xAC, 0x6B, 0x56, 0x5B, 0xA6, 0x6B, 0x9E, 0xAF, 0x81, 
0x4D, 0x66, 0x9F, 0x61, 0xA2, 0xAF, 0x91, 0x45, 0x56, 0x96, 0x67, 0x9B, 0xA8, 0xA5, 0x45, 0x57, 
0x96, 0x70, 0x9B, 0x97, 0xB7, 0x39, 0x5D, 0x87, 0x72, 0x90, 0x95, 0xC2, 0x39, 0x68, 0x7D, 0x87, 
0x80, 0xA3, 0xB9, 0x3A, 0x63, 0x6D, 0x9E, 0x67, 0xA8, 0xC0, 0x46, 0x63, 0x66, 0xA5, 0x66, 0xA0, 
0xBB, 0x61, 0x58, 0x67, 0x92, 0x6C, 0x97, 0xB6, 0x79, 0x57, 0x5F, 0x92, 0x6F, 0x9E, 0xA7, 0xAD, 
0x4E, 0x63, 0x68, 0x82, 0x71, 0xAF, 0xB2, 0x6D, 0x53, 0x5E, 0x94, 0x62, 0xA4, 0xA8, 0xA6, 0x40, 
0x50, 0x76, 0x82, 0x81, 0xA7, 0xC3, 0x5E, 0x49, 0x5A, 0xA6, 0x62, 0xAC, 0xBA, 0x99, 0x37, 0x4F, 
0x92, 0x6F, 0x96, 0xAE, 0xB4, 0x4A, 0x55, 0x69, 0x8F, 0x7A, 0xB7, 0xB8, 0x78, 0x43, 0x4E, 0x8F, 
0x67, 0xA0, 0xA7, 0xB9, 0x30, 0x5E, 0x6A, 0x8F, 0x74, 0xAA, 0xCA, 0x5C, 0x4C, 0x52, 0x8C, 0x79, 
0x8D, 0xBC, 0xA9, 0x54, 0x5A, 0x56, 0xA9, 0x5D, 0xB6, 0x99, 0xB4, 0x3B, 0x61, 0x62, 0x9A, 0x64, 
0xB1, 0xA5, 0x9E, 0x3D, 0x61, 0x77, 0x88, 0x83, 0xA4, 0xBA, 0x79, 0x47, 0x4D, 0x80, 0x7F, 0x8F, 
0x9F, 0xCE, 0x56, 0x54, 0x3F, 0xA9, 0x68, 0xA2, 0xA9, 0xBC, 0x41, 0x4B, 0x58, 0x96, 0x82, 0xA7, 
0xB2, 0x9E, 0x3D, 0x47, 0x68, 0xA6, 0x80, 0xA4, 0xC1, 0x76, 0x31, 0x41, 0x9A, 0x86, 0x8D, 0xAF, 
0xBD, 0x3F, 0x54, 0x67, 0xA3, 0x76, 0xB0, 0xB6, 0x75, 0x37, 0x58, 0x8F, 0x79, 0xA8, 0x9F, 0xB1, 
0x39, 0x64, 0x68, 0x86, 0x8C, 0x9F, 0xAC, 0x61, 0x58, 0x5C, 0x9B, 0x6A, 0xAB, 0x8D, 0xAC, 0x3F, 
0x68, 0x83, 0x83, 0x81, 0xA1, 0xB3, 0x58, 0x59, 0x6F, 0x91, 0x60, 0xAC, 0xAB, 0x90, 0x52, 0x5E, 
0x8E, 0x75, 0x9C, 0x91, 0xB4, 0x50, 0x52, 0x60, 0x98, 0x82, 0x8C, 0xBC, 0x79, 0x49, 0x48, 0xAB, 
0x70, 0x94, 0x9F, 0xA0, 0x3E, 0x56, 0x9B, 0x79, 0x95, 0xA0, 0xA7, 0x49, 0x52, 0x9A, 0x7B, 0x92, 
0x97, 0xB9, 0x3C, 0x5F, 0x83, 0x86, 0x7C, 0x97, 0xC2, 0x3E, 0x62, 0x84, 0x92, 0x77, 0x9A, 0xB8, 
0x4A, 0x55, 0x6D, 0xA2, 0x66, 0xAC, 0xA6, 0x5F, 0x5B, 0x62, 0xA9, 0x70, 0x9E, 0xAB, 0x66, 0x5B, 
0x54, 0xA4, 0x79, 0x93, 0xB4, 0x78, 0x5A, 0x54, 0x91, 0x7F, 0x9B, 0xA4, 0x98, 0x4B, 0x53, 0x81, 
0x80, 0x97, 0xA6, 0x9A, 0x4D, 0x51, 0x93, 0x6C, 0xAB, 0xBA, 0x7F, 0x53, 0x50, 0xA0, 0x5E, 0xA2, 
0xC1, 0x64, 0x5C, 0x60, 0x99, 0x70, 0x9A, 0xC9, 0x50, 0x55, 0x65, 0x8B, 0x87, 0x8B, 0xCE, 0x3F, 
0x5C, 0x72, 0x8F, 0x7C, 0xA9, 0xBB, 0x3A, 0x5B, 0x8D, 0x71, 0x98, 0xA9, 0xA2, 0x43, 0x57, 0xA0, 
0x5B, 0xAE, 0xAE, 0x7D, 0x56, 0x6F, 0x94, 0x67, 0xA8, 0xAD, 0x5C, 0x58, 0x6C, 0x8D, 0x7B, 0x92, 
0xBF, 0x4B, 0x56, 0x84, 0x8A, 0x79, 0x9C, 0xA6, 0x45, 0x59, 0x92, 0x7E, 0x8F, 0xB4, 0x6F, 0x5C, 
0x66, 0x9F, 0x72, 0xA6, 0xB6, 0x40, 0x66, 0x8E, 0x6A, 0xA0, 0xAE, 0x79, 0x51, 0x65, 0x94, 0x6D, 
0xB0, 0xC0, 0x45, 0x5D, 0x7B, 0x7D, 0x92, 0x94, 0xA3, 0x44, 0x57, 0x9F, 0x6A, 0xA7, 0xB1, 0x5B, 
0x66, 0x6C, 0x86, 0x87, 0x92, 0xB7, 0x3A, 0x64, 0x97, 0x66, 0xA2, 0xB0, 0x75, 0x54, 0x71, 0x8A, 
0x6D, 0xAE, 0xB7, 0x3C, 0x64, 0x91, 0x5C, 0x9D, 0xBF, 0x62, 0x59, 0x83, 0x7C, 0x87, 0xB1, 0x98, 
0x4F, 0x60, 0x96, 0x65, 0xA3, 0xBC, 0x42, 0x6C, 0x8B, 0x67, 0x9B, 0xB8, 0x70, 0x5B, 0x6F, 0x84, 
0x78, 0x98, 0xB5, 0x3B, 0x6A, 0xA2, 0x5B, 0xA2, 0xB6, 0x4B, 0x69, 0x93, 0x6E, 0x9F, 0xA7, 0x61, 
0x63, 0x7A, 0x81, 0x8E, 0xA9, 0x85, 0x45, 0x70, 0x97, 0x77, 0xB0, 0xB3, 0x32, 0x62, 0x8D, 0x6F, 
0xA1, 0xA7, 0x6C, 0x4C, 0x76, 0x86, 0x8A, 0x9F, 0x9E, 0x4A, 0x63, 0x94, 0x6B, 0xA7, 0xA6, 0x48, 
0x64, 0x99, 0x79, 0x94, 0xB4, 0x4D, 0x60, 0x9F, 0x6E, 0xA6, 0xBD, 0x39, 0x63, 0x9B, 0x5F, 0xA7, 
0xC0, 0x44, 0x62, 0x98, 0x60, 0xA3, 0xBC, 0x4A, 0x66, 0x97, 0x60, 0xA0, 0xB1, 0x47, 0x55, 0x99, 
0x6E, 0x98, 0xC3, 0x55, 0x50, 0x8F, 0x75, 0x98, 0xB0, 0x77, 0x50, 0x6F, 0x84, 0x87, 0xAC, 0x8A, 
0x5A, 0x71, 0x7C, 0x8B, 0x9E, 0x8F, 0x5A, 0x67, 0x8E, 0x7E, 0x84, 0xB5, 0x4E, 0x50, 0x8B, 0x8C, 
0x75, 0x9C, 0xB1, 0x39, 0x71, 0x8D, 0x76, 0x93, 0x83, 0xA8, 0x48, 0x5A, 0x92, 0x7B, 0x95, 0x96, 
0x9B, 0x53, 0x50, 0xA5, 0x61, 0x9F, 0xAA, 0x7B, 0x57, 0x5B, 0x95, 0x66, 0xA4, 0xBF, 0x54, 0x68, 
0x62, 0x8F, 0x76, 0x99, 0xCC, 0x3A, 0x66, 0x7C, 0x89, 0x7A, 0x97, 0xBA, 0x39, 0x72, 0x9D, 0x6D, 
0x95, 0x99, 0x8C, 0x4A, 0x82, 0x90, 0x62, 0x9A, 0x90, 0x87, 0x5E, 0x6B, 0xA3, 0x63, 0x94, 0x98, 
0x9F, 0x3F, 0x62, 0x9C, 0x6B, 0x93, 0xA5, 0xA0, 0x47, 0x5A, 0x97, 0x7B, 0x8A, 0xA5, 0xC3, 0x2A, 
0x65, 0x89, 0x76, 0x87, 0xAE, 0xB8, 0x42, 0x64, 0x6B, 0x7F, 0x8C, 0xA1, 0xC4, 0x54, 0x5D, 0x61, 
0x82, 0x7C, 0x9E, 0xC5, 0x4F, 0x69, 0x5D, 0x92, 0x71, 0xA6, 0xB8, 0x64, 0x60, 0x52, 0xA2, 0x69, 
0x9D, 0xB1, 0x7E, 0x4C, 0x61, 0x9D, 0x6B, 0x98, 0xB1, 0x90, 0x48, 0x5D, 0x8D, 0x72, 0x8C, 0xA1, 
0xB9, 0x45, 0x5F, 0x65, 0x94, 0x6A, 0xA9, 0xCA, 0x69, 0x57, 0x59, 0x9D, 0x54, 0xA9, 0xA6, 0xA3, 
0x44, 0x5D, 0x7A, 0x88, 0x83, 0x9E, 0xC2, 0x4D, 0x62, 0x5F, 0x9A, 0x5F, 0xAA, 0xA9, 0x8B, 0x4B, 
0x5C, 0x8F, 0x74, 0x8F, 0xA1, 0xBF, 0x45, 0x5D, 0x6D, 0x8D, 0x75, 0xA6, 0xC0, 0x72, 0x4B, 0x54, 
0x99, 0x6B, 0xA1, 0xA5, 0xAE, 0x47, 0x5F, 0x74, 0x8B, 0x7C, 0x92, 0xAC, 0x6D, 0x4B, 0x5C, 0xA9, 
0x68, 0x8F, 0x9E, 0xB7, 0x3C, 0x5F, 0x6D, 0x9B, 0x61, 0xA6, 0xAA, 0xA4, 0x38, 0x61, 0x7F, 0x90, 
0x6F, 0xA9, 0xB8, 0x80, 0x3F, 0x5C, 0x93, 0x76, 0x8A, 0x9F, 0xBD, 0x60, 0x52, 0x56, 0x93, 0x77, 
0x97, 0x9B, 0xCB, 0x4B, 0x50, 0x59, 0x96, 0x6C, 0x9B, 0xAA, 0xAE, 0x3C, 0x5A, 0x6E, 0x97, 0x76, 
0xA9, 0xB9, 0x86, 0x41, 0x56, 0x8B, 0x7E, 0x81, 0x9F, 0xC7, 0x61, 0x4E, 0x5B, 0x99, 0x72, 0x8F, 
0xA0, 0xC2, 0x4F, 0x4E, 0x61, 0x95, 0x76, 0x8D, 0xA9, 0xB6, 0x5D, 0x4E, 0x5C, 0x91, 0x7F, 0x8A, 
0xA5, 0xB7, 0x6E, 0x47, 0x56, 0x86, 0x81, 0x85, 0xA8, 0xB3, 0x88, 0x40, 0x58, 0x79, 0x8A, 0x74, 
0xA5, 0xA8, 0x9E, 0x41, 0x55, 0x71, 0x92, 0x71, 0xA1, 0xAC, 0xAB, 0x3E, 0x5B, 0x69, 0x9D, 0x66, 
0xA6, 0xA6, 0xB6, 0x40, 0x5B, 0x63, 0x9C, 0x6D, 0x9E, 0x9F, 0xC4, 0x4A, 0x5F, 0x57, 0x98, 0x67, 
0x8F, 0x98, 0xC3, 0x5F, 0x4D, 0x57, 0x83, 0x87, 0x71, 0xB2, 0xAB, 0xAE, 0x2D, 0x64, 0x53, 0xA6, 
0x62, 0xA0, 0x99, 0xCE, 0x61, 0x50, 0x4C, 0x8A, 0x8B, 0x73, 0xA4, 0xAE, 0xBA, 0x38, 0x5B, 0x58, 
0xA4, 0x67, 0x91, 0x9D, 0xCD, 0x66, 0x4A, 0x50, 0x88, 0x8A, 0x6D, 0x9B, 0xAC, 0xAF, 0x43, 0x5B, 
0x61, 0x9E, 0x71, 0x88, 0xA3, 0xBE, 0x7C, 0x43, 0x58, 0x79, 0x91, 0x68, 0xA0, 0xA3, 0xB4, 0x48, 
0x58, 0x6A, 0x95, 0x7D, 0x7A, 0xA0, 0xAF, 0x7A, 0x44, 0x6A, 0x7D, 0x96, 0x5F, 0x9F, 0xA3, 0x9C, 
0x41, 0x66, 0x83, 0x97, 0x6B, 0x95, 0xB0, 0xA8, 0x3F, 0x58, 0x76, 0x98, 0x64, 0x97, 0xA9, 0xB2, 
0x43, 0x5E, 0x6F, 0x9B, 0x60, 0x97, 0x98, 0xC1, 0x44, 0x63, 0x5F, 0xA3, 0x63, 0x91, 0x98, 0xC2, 
0x5E, 0x51, 0x5F, 0x95, 0x7C, 0x8A, 0x95, 0xC5, 0x63, 0x50, 0x54, 0x97, 0x79, 0x8F, 0x9C, 0xBF, 
0x65, 0x4E, 0x5B, 0x91, 0x76, 0x82, 0xA5, 0xA8, 0x74, 0x3F, 0x70, 0x80, 0x85, 0x86, 0xB0, 0xA7, 
0x5D, 0x44, 0x5D, 0x8F, 0x7A, 0xA4, 0xA6, 0xB7, 0x43, 0x5D, 0x4D, 0x9F, 0x6E, 0xBA, 0xAA, 0xBD, 
0x3C, 0x54, 0x51, 0x8A, 0x73, 0xB6, 0xBF, 0x9E, 0x3C, 0x56, 0x66, 0x7B, 0x7A, 0xBE, 0xBE, 0x7F, 
0x49, 0x62, 0x77, 0x5C, 0x87, 0xB4, 0xC4, 0x5D, 0x67, 0x63, 0x89, 0x4F, 0xA1, 0xA4, 0xB7, 0x4C, 
0x6D, 0x6F, 0x84, 0x5E, 0x9B, 0xAF, 0x97, 0x50, 0x70, 0x81, 0x70, 0x7E, 0x99, 0xB2, 0x52, 0x6E, 
0x6F, 0x91, 0x5E, 0x9D, 0xAA, 0x8A, 0x46, 0x72, 0x99, 0x79, 0x81, 0xA5, 0xB9, 0x43, 0x55, 0x6B, 
0xA5, 0x70, 0x9C, 0xB1, 0x84, 0x50, 0x4A, 0x9D, 0x72, 0xA8, 0x83, 0xBC, 0x3A, 0x73, 0x59, 0x9D, 
0x67, 0xAE, 0xAE, 0x6F, 0x51, 0x67, 0x9E, 0x5D, 0x97, 0xA2, 0xB4, 0x4B, 0x5D, 0x79, 0x80, 0x82, 
0x90, 0xB2, 0x71, 0x6B, 0x64, 0x8A, 0x7A, 0x99, 0x9F, 0x8B, 0x53, 0x5B, 0x8B, 0x70, 0x9A, 0x9D, 
0xA2, 0x43, 0x4E, 0x8F, 0x80, 0x97, 0x9D, 0xAC, 0x3C, 0x51, 0x79, 0x85, 0x9E, 0xA9, 0xBC, 0x32, 
0x66, 0x5D, 0x97, 0x7D, 0xBE, 0xC1, 0x4D, 0x5B, 0x49, 0xA1, 0x64, 0xB7, 0xB8, 0x75, 0x4A, 0x5A, 
0x99, 0x69, 0x9E, 0xB5, 0x92, 0x48, 0x57, 0x93, 0x66, 0x93, 0xAA, 0x97, 0x59, 0x5B, 0x97, 0x67, 
0x97, 0x9F, 0x9C, 0x4A, 0x61, 0x96, 0x6E, 0x91, 0xA3, 0xA3, 0x43, 0x5E, 0x8F, 0x7A, 0x8E, 0x9F, 
0xAD, 0x36, 0x64, 0x87, 0x75, 0x8E, 0xA8, 0xA7, 0x3A, 0x54, 0x96, 0x75, 0x9A, 0xA8, 0x92, 0x5B, 
0x5E, 0x95, 0x67, 0x9F, 0xB5, 0x64, 0x62, 0x6A, 0xA4, 0x62, 0x9D, 0xBD, 0x50, 0x5E, 0x74, 0x96, 
0x73, 0x96, 0xB7, 0x44, 0x61, 0x84, 0x87, 0x79, 0x9F, 0xAC, 0x4B, 0x59, 0x9A, 0x74, 0x8D, 0x96, 
0xA2, 0x50, 0x5B, 0xA3, 0x67, 0x97, 0x9E, 0x88, 0x5B, 0x6E, 0x9A, 0x6F, 0x9C, 0xAB, 0x5C, 0x66, 
0x74, 0x86, 0x6E, 0x9F, 0xBC, 0x31, 0x68, 0x97, 0x77, 0x8B, 0x9F, 0x91, 0x43, 0x5B, 0xAB, 0x71, 
0x9B, 0xAD, 0x58, 0x59, 0x85, 0x89, 0x94, 0xA3, 0x9A, 0x42, 0x57, 0xAA, 0x6D, 0x9F, 0xBC, 0x62, 
0x49, 0x68, 0x93, 0x89, 0x9B, 0xB6, 0x50, 0x55, 0x8E, 0x5E, 0xAB, 0xAB, 0x73, 0x59, 0x6C, 0x8D, 
0x6F, 0x9D, 0xC1, 0x48, 0x5F, 0x93, 0x6E, 0x9B, 0x90, 0x99, 0x43, 0x75, 0x8D, 0x7F, 0x8E, 0xB9, 
0x4C, 0x66, 0x77, 0x95, 0x73, 0x93, 0xAC, 0x5E, 0x5E, 0x64, 0x9E, 0x61, 0x98, 0x90, 0xA1, 0x45, 
0x73, 0x79, 0x8F, 0x79, 0x98, 0xB3, 0x64, 0x5C, 0x6A, 0x97, 0x62, 0x9A, 0xA1, 0x9F, 0x46, 0x62, 
0x89, 0x7B, 0x90, 0x8D, 0xB8, 0x46, 0x66, 0x5E, 0x94, 0x78, 0xA1, 0xA8, 0x78, 0x55, 0x61, 0x96, 
0x70, 0xA8, 0x8F, 0xB3, 0x3E, 0x68, 0x70, 0x96, 0x7A, 0xA5, 0xB2, 0x61, 0x56, 0x65, 0x9F, 0x6E, 
0xA8, 0xA5, 0x9F, 0x3C, 0x6C, 0x6F, 0x8C, 0x74, 0xA5, 0xAA, 0x76, 0x55, 0x5E, 0x89, 0x7C, 0x87, 
0x9C, 0xAF, 0x61, 0x51, 0x66, 0x96, 0x77, 0x90, 0xA6, 0xB1, 0x50, 0x5A, 0x74, 0x9D, 0x70, 0x9B, 
0xA7, 0xA4, 0x3F, 0x5A, 0x77, 0x93, 0x74, 0xA4, 0xB1, 0x83, 0x43, 0x5D, 0x92, 0x84, 0x83, 0xA1, 
0xB3, 0x61, 0x47, 0x5B, 0x9C, 0x76, 0x95, 0x97, 0xBF, 0x48, 0x58, 0x64, 0xA4, 0x69, 0x94, 0x9D, 
0xAE, 0x43, 0x5D, 0x77, 0x96, 0x6E, 0x99, 0xA8, 0xA0, 0x4D, 0x5C, 0x79, 0x8E, 0x6C, 0x95, 0xA2, 
0xAD, 0x48, 0x5B, 0x6B, 0x98, 0x5E, 0x9A, 0x9F, 0xC2, 0x50, 0x66, 0x5E, 0x95, 0x66, 0x90, 0x9B, 
0xC0, 0x53, 0x59, 0x60, 0x9A, 0x73, 0x85, 0xA3, 0xBA, 0x5D, 0x4E, 0x5C, 0x93, 0x78, 0x83, 0x98, 
0xBC, 0x6C, 0x53, 0x5D, 0x93, 0x7F, 0x7C, 0x99, 0xB6, 0x8D, 0x4F, 0x56, 0x7A, 0x88, 0x73, 0xA1, 
0xB2, 0xA4, 0x3F, 0x5D, 0x6D, 0x96, 0x72, 0xA8, 0xA7, 0xBA, 0x36, 0x4B, 0x59, 0xA6, 0x72, 0x93, 
0xA5, 0xB6, 0x6E, 0x3B, 0x5F, 0x7D, 0x9C, 0x64, 0x9D, 0xA1, 0xBC, 0x39, 0x61, 0x64, 0xA8, 0x74, 
0x92, 0x9A, 0xB7, 0x81, 0x46, 0x5F, 0x84, 0x9B, 0x67, 0x8E, 0x9B, 0xB7, 0x50, 0x60, 0x6D, 0x95, 
0x7D, 0x75, 0xA5, 0xB2, 0x9A, 0x42, 0x65, 0x68, 0x8D, 0x66, 0x99, 0x9C, 0xC1, 0x55, 0x53, 0x5C, 
0x99, 0x80, 0x79, 0x9D, 0xAA, 0x9A, 0x3F, 0x68, 0x6D, 0xA4, 0x64, 0x8A, 0x93, 0xBD, 0x7C, 0x49, 
0x61, 0x74, 0x97, 0x66, 0x8D, 0x9F, 0xBB, 0x79, 0x3C, 0x5D, 0x6F, 0xA2, 0x6B, 0x95, 0x9D, 0xC0, 
0x7B, 0x42, 0x5C, 0x74, 0x99, 0x60, 0x91, 0xA7, 0xB8, 0x76, 0x3D, 0x5D, 0x76, 0x9C, 0x66, 0x91, 
0x9D, 0xB1, 0x75, 0x3F, 0x68, 0x73, 0x9A, 0x60, 0x93, 0x9F, 0xC0, 0x79, 0x48, 0x64, 0x71, 0x99, 
0x61, 0x9C, 0x9C, 0xC2, 0x6E, 0x47, 0x5A, 0x74, 0x98, 0x6F, 0x98, 0x9E, 0xBF, 0x7A, 0x44, 0x59, 
0x68, 0x93, 0x74, 0x7C, 0xAC, 0xA3, 0xB4, 0x3F, 0x58, 0x5A, 0x83, 0x8F, 0x69, 0x9A, 0x97, 0xBC, 
0x7A, 0x43, 0x5D, 0x6B, 0xA1, 0x7A, 0x82, 0xA9, 0xA8, 0xB6, 0x40, 0x5D, 0x5B, 0x87, 0x8D, 0x64, 
0x9E, 0x96, 0xBC, 0x75, 0x44, 0x60, 0x6B, 0xA2, 0x79, 0x84, 0xA5, 0xA8, 0xAC, 0x3B, 0x52, 0x5C, 
0x8F, 0x93, 0x6B, 0x99, 0x9F, 0xBA, 0x73, 0x3E, 0x62, 0x6A, 0x9A, 0x74, 0x82, 0xA5, 0xA8, 0xAE, 
0x43, 0x5A, 0x5F, 0x98, 0x7E, 0x79, 0xA1, 0xAD, 0xB3, 0x38, 0x5C, 0x5D, 0x9B, 0x77, 0x7B, 0xA5, 
0xA9, 0xB1, 0x3B, 0x64, 0x60, 0xA1, 0x7E, 0x76, 0xA2, 0xA5, 0xB5, 0x34, 0x60, 0x64, 0xA8, 0x76, 
0x77, 0x9E, 0xB1, 0xA7, 0x3A, 0x52, 0x66, 0x98, 0x77, 0x75, 0xA0, 0xB5, 0xA7, 0x40, 0x5B, 0x6C, 
0x96, 0x78, 0x7E, 0xAA, 0xA5, 0xA2, 0x3B, 0x69, 0x59, 0x9B, 0x7B, 0x81, 0x9A, 0xA4, 0xB4, 0x3D, 
0x64, 0x6A, 0xAC, 0x65, 0x7B, 0x9A, 0xBB, 0x6D, 0x3A, 0x6E, 0x80, 0x91, 0x5D, 0xAC, 0x9D, 0xB7, 
0x3C, 0x63, 0x53, 0x97, 0x76, 0x92, 0x9A, 0xB0, 0x7F, 0x53, 0x5C, 0x77, 0x90, 0x78, 0xA6, 0x9B, 
0xB1, 0x46, 0x6C, 0x5D, 0x96, 0x6C, 0x8F, 0xA3, 0xAC, 0x86, 0x41, 0x6B, 0x70, 0x9C, 0x69, 0xA1, 
0x96, 0xBC, 0x4B, 0x4B, 0x62, 0x93, 0x88, 0x6C, 0xA9, 0xAC, 0xA3, 0x38, 0x63, 0x6D, 0x97, 0x66, 
0x94, 0x9D, 0xB3, 0x68, 0x5B, 0x5F, 0x8F, 0x75, 0x8A, 0x93, 0xB7, 0x6C, 0x62, 0x4D, 0x92, 0x78, 
0x88, 0x98, 0xA9, 0x81, 0x45, 0x66, 0x7C, 0x86, 0x83, 0xA5, 0xBA, 0x7B, 0x48, 0x5D, 0x85, 0x7D, 
0x6F, 0xA4, 0xB1, 0xA7, 0x34, 0x65, 0x68, 0x9F, 0x5F, 0xAA, 0x9E, 0xBA, 0x37, 0x5D, 0x5F, 0x92, 
0x6E, 0x9E, 0xA7, 0xBA, 0x4D, 0x5A, 0x5C, 0x94, 0x72, 0x99, 0x9E, 0xC2, 0x54, 0x53, 0x57, 0x93, 
0x73, 0x8C, 0xA1, 0xC1, 0x6A, 0x50, 0x61, 0x99, 0x6D, 0x8B, 0x97, 0xB4, 0x4F, 0x5D, 0x65, 0x9C, 
0x64, 0x9F, 0x9A, 0xB4, 0x37, 0x69, 0x63, 0x9B, 0x62, 0xAC, 0x9F, 0x9E, 0x45, 0x5C, 0x7A, 0x80, 
0x89, 0xA1, 0xB9, 0x72, 0x61, 0x5C, 0x88, 0x6C, 0x8D, 0xA4, 0xB8, 0x56, 0x5D, 0x68, 0x96, 0x61, 
0x92, 0xA3, 0xBE, 0x48, 0x62, 0x6A, 0x97, 0x69, 0x90, 0xA7, 0xA1, 0x4F, 0x5C, 0x78, 0x89, 0x7C, 
0x9F, 0xAE, 0x78, 0x4D, 0x5A, 0x89, 0x79, 0x91, 0x98, 0xB6, 0x4F, 0x6D, 0x61, 0x89, 0x70, 0xB2, 
0xA7, 0x7E, 0x5A, 0x69, 0x7A, 0x5C, 0x9B, 0xA8, 0xB3, 0x3F, 0x71, 0x79, 0x83, 0x68, 0xA9, 0xB8, 
0x74, 0x58, 0x6B, 0x95, 0x64, 0x92, 0x9C, 0x9A, 0x4D, 0x63, 0x89, 0x83, 0x8A, 0x99, 0xA9, 0x53, 
0x5C, 0x67, 0x97, 0x7A, 0xA9, 0x9B, 0x84, 0x4E, 0x62, 0x81, 0x7E, 0x92, 0xA9, 0xA7, 0x51, 0x65, 
0x6A, 0x8B, 0x6C, 0xAB, 0xAD, 0x86, 0x51, 0x5F, 0x95, 0x6A, 0x98, 0xA5, 0xAF, 0x42, 0x62, 0x87, 
0x6E, 0x83, 0x94, 0xBD, 0x4D, 0x5F, 0x77, 0x88, 0x7E, 0x9C, 0xB7, 0x4D, 0x66, 0x68, 0x8E, 0x6E, 
0xAB, 0xB4, 0x60, 0x5B, 0x73, 0x8B, 0x71, 0x9E, 0xBA, 0x71, 0x5B, 0x69, 0x92, 0x6B, 0x99, 0xAD, 
0x77, 0x5A, 0x63, 0x91, 0x73, 0x9D, 0xAC, 0x7A, 0x5B, 0x60, 0x9E, 0x64, 0x9F, 0xA0, 0x8D, 0x43, 
0x63, 0x9D, 0x6D, 0x97, 0xA6, 0xA6, 0x3C, 0x56, 0x90, 0x77, 0x92, 0x96, 0xBB, 0x4E, 0x5C, 0x55, 
0x95, 0x6F, 0x91, 0x97, 0xB0, 0x60, 0x53, 0x62, 0x88, 0x82, 0x7C, 0x99, 0xAD, 0x7B, 0x46, 0x57, 
0x8E, 0x8D, 0x85, 0x8E, 0xAB, 0x90, 0x58, 0x52, 0x6D, 0x93, 0x78, 0xA1, 0x98, 0xA7, 0x55, 0x61, 
0x60, 0x8B, 0x78, 0xA7, 0xA6, 0xAE, 0x4A, 0x5D, 0x58, 0x92, 0x68, 0xA7, 0xA0, 0xC4, 0x44, 0x64, 
0x57, 0x9A, 0x64, 0x9D, 0x9F, 0xC9, 0x52, 0x57, 0x61, 0x8B, 0x73, 0x81, 0xAD, 0xB9, 0x70, 0x4E, 
0x69, 0x83, 0x83, 0x72, 0x9E, 0xA8, 0xA5, 0x41, 0x59, 0x61, 0x9B, 0x74, 0x95, 0x98, 0xB3, 0x76, 
0x49, 0x61, 0x70, 0x91, 0x6A, 0xAE, 0x9D, 0xB2, 0x45, 0x64, 0x6B, 0x98, 0x74, 0x85, 0xA7, 0xB6, 
0x83, 0x41, 0x60, 0x74, 0x8C, 0x72, 0x9F, 0x9D, 0xB1, 0x4D, 0x66, 0x53, 0x93, 0x83, 0x8B, 0xA7, 
0xA1, 0x8F, 0x42, 0x59, 0x6A, 0x9A, 0x73, 0xA5, 0x97, 0xB9, 0x50, 0x5C, 0x5C, 0x93, 0x77, 0x7E, 
0xAA, 0xA8, 0xA4, 0x46, 0x6A, 0x66, 0x8E, 0x77, 0x7F, 0xAC, 0x9F, 0xA5, 0x4A, 0x66, 0x5B, 0x91, 
0x77, 0x88, 0x99, 0xA9, 0x97, 0x53, 0x63, 0x6B, 0x95, 0x7D, 0x88, 0x97, 0xA8, 0x98, 0x53, 0x5A, 
0x68, 0x91, 0x82, 0x7F, 0x9A, 0xA9, 0xA2, 0x52, 0x5B, 0x64, 0x91, 0x7B, 0x7C, 0xA1, 0xAA, 0xA3, 
0x45, 0x65, 0x5C, 0x9C, 0x7D, 0x87, 0xA1, 0xA9, 0xA5, 0x42, 0x67, 0x58, 0x9C, 0x74, 0x86, 0xA4, 
0xAB, 0xAB, 0x3D, 0x6A, 0x5D, 0x93, 0x82, 0x77, 0xA1, 0xA0, 0xAF, 0x69, 0x41, 0x5E, 0x67, 0x9A, 
0x71, 0x8A, 0xA0, 0xB3, 0xA7, 0x44, 0x55, 0x5A, 0x87, 0x82, 0x74, 0xA1, 0xA5, 0xBB, 0x6D, 0x49, 
0x5C, 0x69, 0x9A, 0x77, 0x8A, 0x9F, 0xA7, 0xAC, 0x3D, 0x64, 0x4D, 0x9A, 0x88, 0x70, 0x99, 0x98, 
0xC1, 0x66, 0x47, 0x64, 0x6A, 0xA2, 0x60, 0x8F, 0x99, 0xA7, 0xA1, 0x3D, 0x6A, 0x5D, 0x92, 0x82, 
0x76, 0xA5, 0x99, 0xB4, 0x64, 0x46, 0x63, 0x64, 0x95, 0x7B, 0x79, 0xA7, 0x91, 0xBC, 0x66, 0x45, 
0x60, 0x67, 0x9C, 0x7E, 0x6A, 0xA7, 0x9B, 0xBE, 0x6E, 0x3D, 0x61, 0x6C, 0x96, 0x7E, 0x74, 0x9D, 
0xA3, 0xB7, 0x82, 0x42, 0x63, 0x64, 0x94, 0x8A, 0x66, 0xA0, 0x98, 0xB7, 0x84, 0x44, 0x61, 0x60, 
0x8E, 0x83, 0x65, 0x9B, 0x9B, 0xBD, 0x8D, 0x44, 0x62, 0x63, 0x92, 0x8C, 0x67, 0x91, 0xA5, 0xAF, 
0x94, 0x32, 0x64, 0x5C, 0x93, 0x8D, 0x6C, 0x93, 0xA2, 0xAB, 0xAB, 0x5C, 0x48, 0x62, 0x68, 0xA0, 
0x7C, 0x6A, 0x95, 0x9A, 0xAF, 0x9C, 0x34, 0x63, 0x5A, 0x81, 0x9C, 0x6F, 0x82, 0xA3, 0x9C, 0xB9, 
0x72, 0x3E, 0x62, 0x5C, 0x99, 0x90, 0x6D, 0x8C, 0xA4, 0xAA, 0xB3, 0x51, 0x48, 0x64, 0x6D, 0xA0, 
0x83, 0x6D, 0x9D, 0x9D, 0xB1, 0x99, 0x3E, 0x60, 0x5E, 0x7A, 0x9E, 0x76, 0x7C, 0xA2, 0x91, 0xB4, 
0x73, 0x42, 0x5F, 0x60, 0x8C, 0x93, 0x68, 0x91, 0xA2, 0xAB, 0xAC, 0x44, 0x59, 0x5E, 0x7C, 0x9A, 
0x67, 0x8C, 0x9E, 0xA2, 0xAB, 0x42, 0x5C, 0x63, 0x76, 0x99, 0x64, 0x8A, 0xA5, 0xA2, 0xAD, 0x43, 
0x56, 0x6A, 0x7D, 0xA2, 0x6F, 0x8C, 0xA7, 0xA6, 0xB8, 0x4C, 0x4E, 0x56, 0x72, 0xA0, 0x76, 0x83, 
0x9D, 0xA5, 0xB3, 0x57, 0x4C, 0x56, 0x71, 0x9F, 0x75, 0x80, 0x99, 0xA1, 0xB5, 0x55, 0x46, 0x61, 
0x72, 0x9D, 0x7E, 0x7D, 0xA5, 0x9C, 0xB6, 0x5E, 0x45, 0x57, 0x73, 0x9D, 0x7C, 0x8B, 0x9E, 0xA6, 
0xA7, 0x43, 0x61, 0x5D, 0x88, 0x8C, 0x70, 0xA3, 0x95, 0xB8, 0x6B, 0x47, 0x61, 0x69, 0x9B, 0x6C, 
0x86, 0x9B, 0xA6, 0xA7, 0x42, 0x60, 0x5B, 0x91, 0x88, 0x75, 0x9F, 0x98, 0xC1, 0x69, 0x4B, 0x60, 
0x71, 0x9F, 0x6E, 0x8C, 0x9A, 0xAB, 0xA0, 0x42, 0x61, 0x5D, 0x92, 0x8B, 0x74, 0xA0, 0x94, 0xB8, 
0x63, 0x4D, 0x61, 0x6A, 0x9D, 0x71, 0x88, 0x9E, 0xA2, 0xA0, 0x41, 0x5F, 0x4C, 0x4D, 0x55, 0x53, 
0x73, 0x76, 0x99, 0x9E, 0xA8, 0xB6, 0xB1, 0xB4, 0xA2, 0x99, 0x88, 0x80, 0x73, 0x5C, 0x60, 0x50, 
0x58, 0x4E, 0x54, 0x5C, 0x67, 0x7D, 0x7B, 0x8F, 0x9F, 0xA5, 0xAB, 0xA8, 0xA6, 0x9A, 0x9B, 0x8C, 
0x83, 0x79, 0x71, 0x6B, 0x5A, 0x58, 0x56, 0x5E, 0x66, 0x6B, 0x7F, 0x82, 0x93, 0x99, 0xA3, 0xA2, 
0x99, 0xA4, 0x9A, 0x95, 0x8E, 0x80, 0x82, 0x71, 0x6A, 0x63, 0x5D, 0x5E, 0x5B, 0x5F, 0x77, 0x8F, 
0xB4, 0xC4, 0xBE, 0xAC, 0x8A, 0x65, 0x40, 0x25, 0x31, 0x4B, 0x76, 0x9D, 0xAF, 0xB4, 0xAB, 0x9F, 
0x7B, 0x60, 0x54, 0x63, 0x83, 0xA6, 0xC1, 0xC2, 0xB9, 0xA1, 0x72, 0x4F, 0x38, 0x36, 0x46, 0x64, 
0x8D, 0xAC, 0xB6, 0xAF, 0x9A, 0x80, 0x68, 0x56, 0x59, 0x6D, 0x86, 0xB0, 0xC5, 0xC4, 0xB2, 0x8E, 
0x62, 0x43, 0x39, 0x49, 0x5F, 0x7D, 0x9B, 0xA2, 0xA5, 0x9E, 0x82, 0x6A, 0x54, 0x58, 0x68, 0x81, 
0xB2, 0xC3, 0xAD, 0x84, 0x5B, 0x4D, 0x5D, 0x8C, 0xAB, 0xAA, 0x80, 0x51, 0x3D, 0x53, 0x86, 0xA8, 
0xB1, 0x99, 0x6A, 0x4F, 0x5F, 0x90, 0xBA, 0xBC, 0x9D, 0x6E, 0x50, 0x5D, 0x84, 0xA8, 0xB8, 0x95, 
0x60, 0x3A, 0x48, 0x7B, 0xAB, 0xB9, 0x94, 0x62, 0x4B, 0x59, 0x85, 0xAF, 0xBF, 0xA1, 0x6C, 0x49, 
0x53, 0x79, 0xA8, 0xBA, 0x9E, 0x6C, 0x47, 0x46, 0x6E, 0x9C, 0xB4, 0xA7, 0x79, 0x51, 0x4C, 0x6F, 
0xA3, 0xBC, 0xAA, 0x70, 0x42, 0x66, 0xAA, 0xB5, 0x8C, 0x50, 0x52, 0x91, 0xB3, 0x9B, 0x54, 0x41, 
0x77, 0xAA, 0xA5, 0x6F, 0x4E, 0x6C, 0xA7, 0xB6, 0x86, 0x47, 0x52, 0x9A, 0xBB, 0x9D, 0x5A, 0x45, 
0x78, 0xB2, 0xAC, 0x6A, 0x39, 0x59, 0xA8, 0xBC, 0x8C, 0x56, 0x54, 0x8E, 0xAF, 0x9A, 0x64, 0x52, 
0x81, 0xB2, 0xA9, 0x6F, 0x49, 0x65, 0xA5, 0xB1, 0x85, 0x4E, 0x53, 0x8C, 0xB3, 0x99, 0x58, 0x48, 
0x78, 0xB4, 0xAC, 0x6F, 0x4C, 0x7C, 0xBB, 0x9C, 0x50, 0x5C, 0xA0, 0x99, 0x5B, 0x5E, 0xA4, 0xB2, 
0x6C, 0x40, 0x78, 0xB1, 0x8A, 0x53, 0x7D, 0xAD, 0x8F, 0x4C, 0x57, 0xAA, 0xB6, 0x6E, 0x55, 0x8F, 
0xA9, 0x6E, 0x4E, 0x90, 0xC0, 0x8C, 0x3F, 0x55, 0xAC, 0xAF, 0x5B, 0x55, 0x96, 0xA6, 0x6D, 0x56, 
0x93, 0xB9, 0x7F, 0x45, 0x6F, 0xAC, 0x96, 0x52, 0x61, 0xAE, 0xA8, 0x5A, 0x4F, 0x99, 0xAD, 0x6E, 
0x50, 0x87, 0xB8, 0x88, 0x50, 0x72, 0xAA, 0x82, 0x50, 0x92, 0xB3, 0x60, 0x54, 0xA8, 0x93, 0x5A, 
0x8E, 0xB1, 0x65, 0x4D, 0xA2, 0x9A, 0x53, 0x79, 0xA7, 0x72, 0x55, 0x9B, 0xA2, 0x58, 0x6C, 0xB2, 
0x7B, 0x49, 0x93, 0xA5, 0x60, 0x69, 0xAA, 0x89, 0x4C, 0x8A, 0xB3, 0x6E, 0x62, 0xA4, 0x8D, 0x49, 
0x82, 0xB8, 0x78, 0x53, 0x9D, 0x99, 0x4D, 0x70, 0xB7, 0x7D, 0x51, 0x9A, 0xA2, 0x56, 0x6C, 0xB1, 
0x84, 0x51, 0x90, 0xA3, 0x5E, 0x61, 0xAC, 0x92, 0x54, 0x93, 0x9C, 0x51, 0x94, 0x9D, 0x4E, 0x8F, 
0xA6, 0x51, 0x8A, 0xA1, 0x53, 0x82, 0xA6, 0x5B, 0x85, 0xAE, 0x55, 0x6F, 0xA8, 0x5E, 0x78, 0xB4, 
0x5F, 0x68, 0xAC, 0x61, 0x6C, 0xB2, 0x68, 0x68, 0xAE, 0x6F, 0x5F, 0xB2, 0x77, 0x5C, 0xA7, 0x77, 
0x55, 0xAC, 0x79, 0x5B, 0xAE, 0x81, 0x4C, 0xA4, 0x88, 0x50, 0xA8, 0x8A, 0x4C, 0x9B, 0x89, 0x52, 
0x9D, 0x98, 0x4E, 0x98, 0x9D, 0x50, 0x8F, 0xA3, 0x57, 0x8C, 0x9F, 0x55, 0xA3, 0x7C, 0x5E, 0xAC, 
0x63, 0x86, 0xA1, 0x53, 0xA4, 0x7E, 0x62, 0xAC, 0x5A, 0x85, 0xA2, 0x49, 0x99, 0x7F, 0x5B, 0xAB, 
0x60, 0x81, 0x9F, 0x52, 0x98, 0x82, 0x67, 0xA5, 0x5A, 0x87, 0xA0, 0x50, 0x9F, 0x88, 0x5D, 0xAB, 
0x67, 0x7C, 0xA4, 0x59, 0x9B, 0x7C, 0x65, 0xAE, 0x5F, 0x74, 0xA9, 0x51, 0x96, 0x82, 0x60, 0xA9, 
0x63, 0x7E, 0xA4, 0x50, 0x9B, 0x8A, 0x57, 0xA7, 0x65, 0x79, 0xA1, 0x55, 0xA3, 0x76, 0x71, 0xA5, 
0x56, 0xA4, 0x65, 0x8C, 0x84, 0x65, 0xA8, 0x54, 0x9F, 0x6D, 0x85, 0x91, 0x56, 0xAC, 0x5D, 0x98, 
0x73, 0x78, 0x9C, 0x53, 0xA9, 0x5E, 0x88, 0x86, 0x67, 0xA6, 0x52, 0xA8, 0x69, 0x88, 0x92, 0x5D, 
0xAE, 0x59, 0x9D, 0x74, 0x74, 0x9B, 0x57, 0xAB, 0x5C, 0x90, 0x8A, 0x61, 0xA9, 0x51, 0xA4, 0x68, 
0x81, 0x8F, 0x5B, 0xAA, 0x56, 0x9F, 0x72, 0x78, 0x98, 0x5E, 0xA5, 0x64, 0x8E, 0x87, 0x6C, 0xA2, 
0x57, 0xAC, 0x51, 0xAF, 0x56, 0xA6, 0x5F, 0x97, 0x74, 0x86, 0x82, 0x76, 0x90, 0x6D, 0x98, 0x5D, 
0xA2, 0x50, 0xAA, 0x51, 0xAA, 0x5B, 0x9E, 0x67, 0x8E, 0x73, 0x85, 0x82, 0x75, 0x93, 0x62, 0xA4, 
0x59, 0xAA, 0x53, 0xAF, 0x54, 0xA8, 0x62, 0x9A, 0x70, 0x8C, 0x7C, 0x7D, 0x8C, 0x6B, 0x9B, 0x5F, 
0xA8, 0x54, 0xAC, 0x53, 0xAD, 0x5C, 0xA1, 0x66, 0x93, 0x76, 0x7F, 0x88, 0x6B, 0x93, 0x62, 0xA2, 
0x59, 0xA6, 0x62, 0x9D, 0x65, 0x98, 0x69, 0x9A, 0x66, 0x97, 0x6E, 0x8C, 0x7B, 0x7E, 0x89, 0x6E, 
0x95, 0x69, 0x93, 0x6E, 0x95, 0x66, 0xA0, 0x55, 0xAF, 0x51, 0xA8, 0x5B, 0xA0, 0x60, 0xA5, 0x56, 
0xAC, 0x58, 0xA9, 0x5F, 0x9C, 0x67, 0x9B, 0x6A, 0x93, 0x70, 0x87, 0x7A, 0x7C, 0x82, 0x7E, 0x84, 
0x7C, 0x87, 0x73, 0x95, 0x66, 0x9B, 0x5E, 0xA1, 0x5C, 0x9E, 0x5B, 0xA2, 0x5E, 0xA5, 0x56, 0xAE, 
0x5E, 0x9F, 0x50, 0x66, 0x4B, 0x62, 0x63, 0x65, 0x64, 0x61, 0x6C, 0x69, 0x6D, 0x69, 0x6B, 0x6C, 
0x70, 0x6B, 0x6E, 0x6C, 0x70, 0x6F, 0x71, 0x77, 0x75, 0x7D, 0x77, 0x80, 0x7B, 0x80, 0x7C, 0x7F, 
0x7D, 0x81, 0x7E, 0x7E, 0x7F, 0x82, 0x7E, 0x80, 0x7F, 0x82, 0x80, 0x7F, 0x82, 0x83, 0x86, 0x82, 
0x85, 0x87, 0x87, 0x88, 0x82, 0x88, 0x82, 0x89, 0x84, 0x84, 0x87, 0x81, 0x85, 0x7F, 0x86, 0x81, 
0x84, 0x81, 0x83, 0x84, 0x86, 0x98, 0xA6, 0xBA, 0xC3, 0xCD, 0xCF, 0xCF, 0xCB, 0xC1, 0xBB, 0xAB, 
0xA1, 0x88, 0x79, 0x6F, 0x61, 0x66, 0x5D, 0x62, 0x67, 0x72, 0x81, 0x86, 0x99, 0x9D, 0xAA, 0xAB, 
0xAF, 0xA9, 0xA6, 0xA2, 0x93, 0x8B, 0x81, 0x72, 0x68, 0x60, 0x5D, 0x5C, 0x60, 0x66, 0x6A, 0x6D, 
0x7F, 0x8A, 0x99, 0x9D, 0x9F, 0xA0, 0x9D, 0x9A, 0x90, 0x8D, 0x83, 0x76, 0x69, 0x60, 0x62, 0x58, 
0x5C, 0x5F, 0x6A, 0x73, 0x77, 0x7F, 0x8A, 0xA2, 0xA9, 0xAA, 0x99, 0x7F, 0x53, 0x37, 0x2F, 0x3A, 
0x56, 0x7F, 0xA4, 0xC0, 0xC7, 0xBE, 0xA4, 0x80, 0x64, 0x54, 0x5F, 0x76, 0x96, 0xA5, 0xAE, 0xA6, 
0x91, 0x6A, 0x44, 0x33, 0x35, 0x47, 0x69, 0x92, 0xAB, 0xBD, 0xB2, 0xA1, 0x7D, 0x63, 0x57, 0x5B, 
0x6E, 0x8D, 0xA9, 0xB5, 0xB4, 0x9F, 0x7D, 0x57, 0x3E, 0x2F, 0x3A, 0x5A, 0x8A, 0xA1, 0xAE, 0xB2, 
0xA7, 0x89, 0x62, 0x52, 0x52, 0x64, 0x7F, 0x9D, 0xB2, 0xB3, 0x9B, 0x6D, 0x45, 0x44, 0x67, 0x9D, 
0xAF, 0x9D, 0x6B, 0x45, 0x48, 0x6D, 0xA5, 0xBC, 0xB0, 0x84, 0x59, 0x4F, 0x71, 0xA5, 0xBA, 0xA9, 
0x7C, 0x50, 0x43, 0x58, 0x8B, 0xAA, 0xA4, 0x7D, 0x49, 0x3E, 0x5B, 0x93, 0xB5, 0xB6, 0x96, 0x66, 
0x50, 0x63, 0x96, 0xB5, 0xB3, 0x93, 0x65, 0x49, 0x53, 0x7F, 0xAC, 0xB1, 0x8F, 0x5A, 0x44, 0x4F, 
0x77, 0xA2, 0xB7, 0xA3, 0x6C, 0x4A, 0x52, 0x7E, 0xAB, 0xBB, 0xA3, 0x6D, 0x49, 0x65, 0xA0, 0xAF, 
0x7D, 0x47, 0x4F, 0x8C, 0xB2, 0x95, 0x58, 0x48, 0x7E, 0xB4, 0xB1, 0x6F, 0x49, 0x6A, 0xA9, 0xB7, 
0x87, 0x4E, 0x52, 0x90, 0xB5, 0x9A, 0x5D, 0x4B, 0x75, 0xAA, 0xA5, 0x6D, 0x46, 0x64, 0xA3, 0xB4, 
0x83, 0x4F, 0x59, 0x94, 0xB6, 0x9C, 0x62, 0x4C, 0x77, 0xAD, 0xAD, 0x71, 0x48, 0x5E, 0x9C, 0xB2, 
0x86, 0x4F, 0x4F, 0x88, 0xB3, 0x9E, 0x65, 0x4E, 0x76, 0xB0, 0xAC, 0x76, 0x4C, 0x6D, 0xAB, 0x9B, 
0x5A, 0x5D, 0xA4, 0xAB, 0x66, 0x4C, 0x8F, 0xB3, 0x79, 0x45, 0x76, 0xB7, 0x97, 0x4C, 0x60, 0xA7, 
0xA8, 0x63, 0x54, 0x98, 0xAD, 0x6F, 0x4D, 0x84, 0xB2, 0x84, 0x47, 0x6D, 0xAF, 0x99, 0x4F, 0x56, 
0xA9, 0xB1, 0x62, 0x4D, 0x94, 0xB6, 0x82, 0x4C, 0x7A, 0xB3, 0x8C, 0x4E, 0x69, 0xAF, 0xA5, 0x56, 
0x52, 0x9F, 0xAF, 0x6B, 0x48, 0x86, 0xAE, 0x80, 0x4C, 0x6F, 0xB0, 0x97, 0x59, 0x60, 0xA3, 0xA1, 
0x53, 0x6F, 0xB5, 0x7D, 0x55, 0x96, 0xA4, 0x57, 0x60, 0xB2, 0x8A, 0x4A, 0x8F, 0xAE, 0x64, 0x62, 
0xAB, 0x91, 0x4E, 0x84, 0xB2, 0x6E, 0x53, 0x9B, 0x98, 0x51, 0x78, 0xB6, 0x78, 0x4B, 0x9C, 0xA4, 
0x52, 0x6A, 0xAF, 0x7F, 0x51, 0x93, 0xA9, 0x5F, 0x62, 0xAF, 0x8B, 0x4B, 0x8B, 0xB4, 0x64, 0x5C, 
0xA8, 0x96, 0x50, 0x7D, 0xB0, 0x6C, 0x51, 0xA0, 0xA2, 0x52, 0x76, 0xB1, 0x7B, 0x52, 0x99, 0xA6, 
0x58, 0x6B, 0xAB, 0x64, 0x65, 0xAF, 0x6B, 0x67, 0xAC, 0x6C, 0x5D, 0xAF, 0x79, 0x5D, 0xAC, 0x77, 
0x53, 0xAD, 0x7F, 0x5C, 0xAD, 0x83, 0x51, 0xA3, 0x86, 0x56, 0xA3, 0x8F, 0x4E, 0x99, 0x94, 0x4F, 
0x99, 0x95, 0x4F, 0x97, 0x99, 0x4B, 0x91, 0xA2, 0x53, 0x94, 0xA4, 0x50, 0x84, 0xA5, 0x56, 0x83, 
0xA6, 0x58, 0x7D, 0xAE, 0x5B, 0x76, 0xAC, 0x5D, 0x77, 0xAD, 0x5E, 0x6B, 0xB0, 0x62, 0x6B, 0xB2, 
0x67, 0x61, 0xAF, 0x69, 0x74, 0xAB, 0x57, 0x91, 0x91, 0x55, 0xAC, 0x6E, 0x6E, 0xAC, 0x54, 0x90, 
0x93, 0x55, 0xA9, 0x73, 0x6E, 0xAA, 0x59, 0x91, 0x92, 0x55, 0xA6, 0x6F, 0x64, 0xA9, 0x55, 0x90, 
0x93, 0x54, 0xA7, 0x71, 0x68, 0xAC, 0x56, 0x89, 0x95, 0x54, 0xAA, 0x73, 0x6B, 0xAA, 0x5C, 0x8C, 
0x9A, 0x53, 0xAA, 0x75, 0x6B, 0xAB, 0x5B, 0x8C, 0x95, 0x53, 0xA4, 0x75, 0x67, 0xAB, 0x59, 0x8B, 
0x96, 0x53, 0xA7, 0x77, 0x68, 0xA8, 0x54, 0xA0, 0x6D, 0x77, 0x99, 0x59, 0xAE, 0x5C, 0x95, 0x80, 
0x6C, 0xA5, 0x51, 0xAA, 0x62, 0x8B, 0x86, 0x65, 0xA8, 0x54, 0xA1, 0x6F, 0x79, 0x9A, 0x57, 0xA9, 
0x5C, 0x95, 0x7D, 0x6E, 0xA2, 0x53, 0xA7, 0x62, 0x8C, 0x84, 0x66, 0xA9, 0x57, 0xA6, 0x6E, 0x80, 
0x97, 0x5E, 0xA8, 0x5B, 0x98, 0x76, 0x72, 0x9D, 0x5D, 0xA7, 0x63, 0x8B, 0x86, 0x68, 0x9E, 0x5B, 
0x9B, 0x70, 0x79, 0x98, 0x5A, 0xAA, 0x58, 0x9A, 0x71, 0x89, 0x7E, 0x7B, 0x91, 0x68, 0xA0, 0x5B, 
0xAB, 0x51, 0xAF, 0x51, 0xAB, 0x5A, 0xA2, 0x65, 0x94, 0x76, 0x82, 0x8D, 0x6D, 0x98, 0x60, 0xA5, 
0x51, 0xAC, 0x4B, 0xAC, 0x56, 0xA5, 0x60, 0x97, 0x70, 0x82, 0x87, 0x6D, 0x95, 0x64, 0xA0, 0x5B, 
0xA8, 0x57, 0xA8, 0x5E, 0x9F, 0x67, 0x96, 0x71, 0x8B, 0x80, 0x7C, 0x8E, 0x6E, 0x9A, 0x61, 0xA3, 
0x58, 0xA5, 0x5B, 0xA1, 0x61, 0x9C, 0x67, 0x95, 0x73, 0x85, 0x7A, 0x85, 0x76, 0x89, 0x72, 0x89, 
0x72, 0x95, 0x6C, 0x9B, 0x63, 0x9F, 0x5D, 0xA6, 0x52, 0xAE, 0x50, 0xB0, 0x4D, 0xB3, 0x4D, 0xB1, 
0x53, 0xA8, 0x5C, 0x9F, 0x65, 0x94, 0x71, 0x86, 0x7C, 0x7D, 0x84, 0x73, 0x8E, 0x6E, 0x8F, 0x6C, 
0x99, 0x5E, 0xAC, 0x52, 0xB5, 0x4C, 0xB4, 0x56, 0xA3, 0x64, 0x94, 0x6B, 0x91, 0x6E, 0x9A, 0x62, 
0xA2, 0x5D, 0xA2, 0x5C, 0x9A, 0x69, 0x91, 0x70, 0x88, 0x7E, 0x79, 0x75, 0x58, 0x57, 0x5F, 0x5B, 
0x5F, 0x62, 0x61, 0x6C, 0x64, 0x6A, 0x6D, 0x65, 0x73, 0x62, 0x7A, 0x62, 0x7B, 0x67, 0x7A, 0x6C, 
0x7D, 0x6F, 0x7E, 0x74, 0x7F, 0x77, 0x7D, 0x7E, 0x78, 0x84, 0x77, 0x8A, 0x70, 0x8E, 0x71, 0x8C, 
0x73, 0x88, 0x78, 0x87, 0x7F, 0x82, 0x85, 0x80, 0x89, 0x7D, 0x8E, 0x7B, 0x90, 0x7B, 0x93, 0x7D, 
0x91, 0x7D, 0x8E, 0x80, 0x89, 0x83, 0x85, 0x84, 0x83, 0x88, 0x80, 0x8A, 0x7F, 0x8B, 0x81, 0x8B, 
0x82, 0x89, 0x84, 0x89, 0x86, 0x88, 0x86, 0x86, 0x87, 0x86, 0x86, 0x86, 0x84, 0x86, 0x83, 0x88, 
0x83, 0x88, 0x82, 0x86, 0x83, 0x88, 0x85, 0x84, 0x84, 0x84, 0x88, 0x81, 0x8A, 0x80, 0x8A, 0x7F, 
0x8A, 0x80, 0x88, 0x81, 0x85, 0x83, 0x84, 0x86, 0x82, 0x85, 0x81, 0x87, 0x80, 0x88, 0x82, 0x88, 
0x81, 0x87, 0x84, 0x84, 0x85, 0x81, 0x87, 0x7E, 0x88, 0x7D, 0x87, 0x7C, 0x86, 0x7D, 0x86, 0x7F, 
0x84, 0x81, 0x83, 0x84, 0x82, 0x85, 0x7F, 0x87, 0x81, 0x86, 0x80, 0x85, 0x82, 0x84, 0x83, 0x82, 
0x83, 0x81, 0x84, 0x80, 0x85, 0x7F, 0x85, 0x7E, 0x83, 0x7F, 0x83, 0x7F, 0x82, 0x81, 0x80, 0x82, 
0x80, 0x83, 0x7F, 0x82, 0x7F, 0x83, 0x80, 0x82, 0x80, 0x82, 0x81, 0x81, 0x81, 0x82, 0x82, 0x82, 
0x82, 0x82, 0x82, 0x83, 0x81, 0x83, 0x80, 0x83, 0x7E, 0x82, 0x7E, 0x82, 0x7E, 0x82, 0x7F, 0x80, 
0x80, 0x7F, 0x81, 0x7E, 0x82, 0x7D, 0x82, 0x7D, 0x82, 0x7D, 0x82, 0x7E, 0x82, 0x7E, 0x81, 0x7F, 
0x80, 0x80, 0x80, 0x81, 0x80, 0x81, 0x7F, 0x81, 0x80, 0x81, 0x7F, 0x81, 0x80, 0x80, 0x80, 0x80, 
0x80, 0x80, 0x80, 0x80, 0x80, 0x80, 0x80, 0x80, 0x80, 0x80, 0x80, 0x80, 0x80, 0x80, 0x80, 0x80, 
0x80, 0x80, 0x80, 0x80, 0x80, 0x80, 0x80, 0x80, 0x80, 0x80, 0x80, 0x80, 0x80, 0x80, 0x80, 0x80, 
0x80, 0x80, 0x80, 0x80, 0x80, 0x80, 0x80, 0x80, 0x80, 0x80, 0x80, 0x80, 0x80, 0x80, 0x80, 0x80, 
0x80, 0x80, 0x80, 0x80, 0x80, 0x80, 0x80, 0x80, 0x80, 0x80, 0x80, 0x80, 0x80, 0x80, 0x80, 0x80, 
0x80, 0x80, 0x80, 0x80, 0x80, 0x80, 0x80, 0x80, 0x80, 0x80, 0x80, 0x80, 0x80, 0x80, 0x80, 0x80, 
0x80, 0x80, 0x80, 0x80, 0x80, 0x80, 0x80, 0x80, 0x80, 0x80, 0x80, 0x80, 0x80, 0x80, 0x80, 0x80, 
0x80, 0x80, 0x80, 0x80, 0x80, 0x80, 0x80, 0x80, 0x80, 0x80, 0x80, 0x80, 0x80, 0x80, 0x80, 0x80, 
0x80, 0x80, 0x80, 0x80, 0x80, 0x80, 0x80, 0x80, 0x80, 0x80, 0x80, 0x80, 0x80, 0x80, 0x80, 0x80, 
0x80, 0x80, 0x80, 0x80, 0x80, 0x80, 0x80, 0x80, 0x80, 0x80, 0x80, 0x80, 0x80, 0x80, 0x80, 0x80

};

#define AUDIO_WAKA_LEN 1400U
static const u8 AUDIO_WAKA[] = {
0x80, 0x80, 0x80, 0x80, 0x80, 0x80, 0x80, 0x80, 0x80, 0x80, 0x80, 0x80, 0x80, 0x80, 0x80, 0x80, 
0x80, 0x80, 0x80, 0x80, 0x80, 0x80, 0x80, 0x80, 0x80, 0x80, 0x80, 0x80, 0x80, 0x80, 0x80, 0x80, 
0x80, 0x80, 0x80, 0x80, 0x80, 0x80, 0x80, 0x80, 0x80, 0x80, 0x80, 0x80, 0x80, 0x80, 0x80, 0x80, 
0x80, 0x80, 0x80, 0x80, 0x80, 0x80, 0x81, 0x81, 0x81, 0x80, 0x80, 0x80, 0x80, 0x80, 0x80, 0x80, 
0x80, 0x81, 0x80, 0x7F, 0x80, 0x80, 0x7F, 0x80, 0x7F, 0x80, 0x7F, 0x7F, 0x80, 0x80, 0x81, 0x84, 
0x89, 0x85, 0x84, 0x85, 0x8D, 0xA3, 0xBC, 0xC9, 0xCA, 0xBD, 0xA0, 0x91, 0xB0, 0x94, 0x77, 0x68, 
0x53, 0x58, 0x6C, 0x82, 0x8D, 0x9C, 0xA2, 0xA6, 0x94, 0x82, 0x5D, 0x41, 0x40, 0x5B, 0x7A, 0x93, 
0x9E, 0x9A, 0x83, 0x59, 0x7B, 0x79, 0x59, 0x41, 0x41, 0x46, 0x54, 0x67, 0x85, 0x94, 0xA0, 0x9C, 
0x98, 0x8F, 0x6E, 0x55, 0x40, 0x51, 0x79, 0x95, 0x9A, 0x9E, 0x94, 0x72, 0x6B, 0x82, 0x73, 0x5E, 
0x48, 0x4F, 0x55, 0x64, 0x81, 0x9A, 0xA2, 0xA0, 0x99, 0x73, 0x66, 0x72, 0x91, 0xAD, 0x9C, 0x7A, 
0x99, 0x72, 0x62, 0x5D, 0x62, 0x7B, 0x8F, 0x9D, 0x98, 0x89, 0x72, 0x5F, 0x71, 0x8F, 0xA6, 0x98, 
0x76, 0x90, 0x79, 0x5E, 0x54, 0x68, 0x74, 0xA1, 0x9F, 0xA0, 0x8D, 0x69, 0x5C, 0x6E, 0x90, 0x9E, 
0xA0, 0x69, 0x88, 0x70, 0x63, 0x56, 0x69, 0x7C, 0x86, 0xA4, 0xA0, 0x96, 0x67, 0x5F, 0x61, 0x89, 
0x99, 0xA7, 0x7D, 0x87, 0x8B, 0x5D, 0x60, 0x65, 0x8B, 0x96, 0xA3, 0x8B, 0x63, 0x68, 0x8E, 0x96, 
0x84, 0x90, 0x7A, 0x69, 0x6A, 0x89, 0xA0, 0x9B, 0x8D, 0x6A, 0x66, 0x9F, 0xA9, 0x82, 0x8B, 0x81, 
0x6B, 0x66, 0x83, 0xA2, 0x9B, 0x8E, 0x68, 0x62, 0x87, 0x91, 0x91, 0x82, 0x79, 0x61, 0x5C, 0x73, 
0x93, 0xA9, 0x9F, 0x80, 0x68, 0x8A, 0xA4, 0x8C, 0x84, 0x85, 0x55, 0x5F, 0x86, 0x9B, 0xAA, 0x9C, 
0x84, 0x78, 0x90, 0xA7, 0xA5, 0x7B, 0x7F, 0x6D, 0x5F, 0x88, 0x9A, 0x95, 0x7E, 0x67, 0x7B, 0x88, 
0x6F, 0x82, 0x60, 0x5D, 0x80, 0x97, 0x8F, 0x63, 0x6A, 0x99, 0x94, 0x78, 0x7A, 0x5C, 0x67, 0x95, 
0xA8, 0x8D, 0x4F, 0x73, 0xA6, 0x91, 0x8D, 0x62, 0x59, 0x78, 0xA4, 0xA9, 0x73, 0x66, 0x95, 0x9D, 
0x88, 0x96, 0x5C, 0x56, 0x80, 0xA3, 0x99, 0x69, 0x68, 0xA9, 0xAB, 0x84, 0x92, 0x65, 0x6A, 0x89, 
0x8F, 0x7D, 0x6C, 0x7A, 0x96, 0x87, 0x75, 0x70, 0x4D, 0x5B, 0x8D, 0x92, 0x6C, 0x7E, 0x92, 0x84, 
0x7D, 0x78, 0x85, 0x94, 0x94, 0x75, 0x86, 0xA5, 0x89, 0x89, 0x67, 0x68, 0x9F, 0xAE, 0x6F, 0x6E, 
0x98, 0x84, 0x82, 0x53, 0x6B, 0xA1, 0xA8, 0x71, 0x7E, 0x9B, 0x83, 0x97, 0x69, 0x70, 0x8F, 0x99, 
0x7E, 0x87, 0x9E, 0x73, 0x73, 0x59, 0x7E, 0xA2, 0x96, 0x63, 0x76, 0xAA, 0x72, 0x75, 0x67, 0x74, 
0x93, 0x9C, 0x6E, 0x6D, 0x8D, 0x7F, 0x8E, 0x66, 0x6D, 0x88, 0x8E, 0x81, 0x65, 0x48, 0x3C, 0x67, 
0x72, 0x6A, 0x4F, 0x58, 0x74, 0x86, 0x87, 0x72, 0x7F, 0x85, 0x7A, 0x79, 0x8B, 0x9B, 0x9F, 0x8B, 
0x7C, 0x8A, 0x93, 0x9A, 0x8A, 0x7E, 0x97, 0x94, 0x7D, 0x85, 0x93, 0x98, 0x9A, 0x8F, 0x82, 0x81, 
0x86, 0x8B, 0x8E, 0x89, 0x83, 0x82, 0x78, 0x78, 0x8E, 0x92, 0x87, 0x8A, 0x87, 0x83, 0x8D, 0x8C, 
0x81, 0x7F, 0x86, 0x84, 0x81, 0x7F, 0x7D, 0x86, 0x89, 0x75, 0x71, 0x7E, 0x84, 0x83, 0x81, 0x76, 
0x7B, 0x83, 0x87, 0x6E, 0x6F, 0x8E, 0x91, 0x7F, 0x6F, 0x7F, 0x88, 0x84, 0x7D, 0x7D, 0x84, 0x81, 
0x7C, 0x7E, 0x7E, 0x85, 0x83, 0x7F, 0x7B, 0x86, 0x86, 0x7E, 0x7F, 0x7F, 0x80, 0x7D, 0x80, 0x7C, 
0x7C, 0x7B, 0x7F, 0x7F, 0x80, 0x7E, 0x82, 0x82, 0x7E, 0x80, 0x81, 0x80, 0x83, 0x84, 0x7E, 0x7C, 
0x7F, 0x83, 0x7E, 0x81, 0x81, 0x7F, 0x81, 0x80, 0x7F, 0x81, 0x81, 0x81, 0x80, 0x80, 0x81, 0x80, 
0x82, 0x82, 0x80, 0x80, 0x80, 0x80, 0x82, 0x7F, 0x81, 0x81, 0x81, 0x81, 0x7F, 0x80, 0x80, 0x81, 
0x80, 0x7E, 0x82, 0x82, 0x7F, 0x7D, 0x7F, 0x80, 0x82, 0x81, 0x82, 0x83, 0x81, 0x81, 0x81, 0x81, 
0x80, 0x81, 0x82, 0x83, 0x80, 0x80, 0x80, 0x7F, 0x80, 0x81, 0x82, 0x7F, 0x7F, 0x81, 0x80, 0x81, 
0x80, 0x80, 0x80, 0x81, 0x80, 0x80, 0x80, 0x81, 0x80, 0x7F, 0x80, 0x80, 0x80, 0x80, 0x7F, 0x80, 
0x80, 0x81, 0x81, 0x81, 0x7F, 0x80, 0x81, 0x81, 0x82, 0x7F, 0x7F, 0x7E, 0x82, 0x80, 0x81, 0x7E, 
0x81, 0x81, 0x80, 0x7F, 0x81, 0x81, 0x82, 0x7E, 0x83, 0x82, 0x80, 0x87, 0x86, 0x86, 0x85, 0x7A, 
0x93, 0xC3, 0xAA, 0xA4, 0x8A, 0xA7, 0xBD, 0x96, 0x8A, 0xB3, 0x9E, 0x9C, 0x73, 0x96, 0xB4, 0x90, 
0x79, 0xA9, 0x8D, 0x8D, 0x5B, 0x70, 0x8F, 0x79, 0x52, 0x79, 0x72, 0x74, 0x37, 0x4E, 0x73, 0x6E, 
0x3C, 0x69, 0x6D, 0x71, 0x4D, 0x50, 0x89, 0x82, 0x58, 0x72, 0x8F, 0x75, 0x5A, 0x5C, 0x92, 0x8B, 
0x63, 0x79, 0x9F, 0x8D, 0x6B, 0x61, 0x8D, 0xAE, 0x79, 0x6A, 0x94, 0x8C, 0x58, 0x63, 0x70, 0x9F, 
0x76, 0x6B, 0x8C, 0x79, 0x88, 0x79, 0x5C, 0x88, 0x89, 0x81, 0x6C, 0x86, 0x87, 0x8C, 0x76, 0x64, 
0x77, 0x9D, 0x92, 0x6C, 0x78, 0x9D, 0x8A, 0x8E, 0x5C, 0x6F, 0x97, 0x9A, 0x7A, 0x6D, 0x83, 0x86, 
0x78, 0x79, 0x52, 0x7F, 0x8D, 0x86, 0x5E, 0x7B, 0xA2, 0x74, 0x6D, 0x50, 0x5E, 0x95, 0x9C, 0x7E, 
0x59, 0x8D, 0x96, 0x91, 0x71, 0x4A, 0x7B, 0xA3, 0x9D, 0x5D, 0x71, 0xB4, 0x8B, 0x7D, 0x4A, 0x73, 
0x8C, 0x9A, 0x84, 0x65, 0x82, 0x91, 0x7A, 0x77, 0x67, 0x54, 0x93, 0x9C, 0x94, 0x72, 0x5E, 0x92, 
0xAC, 0x79, 0x89, 0x67, 0x64, 0x80, 0xA6, 0x9C, 0x89, 0x67, 0x81, 0xB5, 0xA2, 0x96, 0x82, 0x68, 
0x68, 0x8E, 0xA8, 0xA1, 0x76, 0x72, 0x9E, 0xAF, 0x7C, 0x8D, 0x5A, 0x55, 0x79, 0x9F, 0x9A, 0x85, 
0x6D, 0x88, 0x9E, 0x71, 0x87, 0x6E, 0x62, 0x81, 0xA1, 0xB0, 0x96, 0x64, 0x66, 0x80, 0x98, 0x83, 
0x9E, 0x78, 0x71, 0x80, 0xA7, 0xA5, 0x61, 0x44, 0x73, 0xAD, 0x97, 0x78, 0x92, 0x7C, 0x5E, 0x4B, 
0x85, 0xAB, 0x92, 0x93, 0x89, 0x75, 0x70, 0x81, 0x97, 0x83, 0x7F, 0x87, 0x74, 0x62, 0x7E, 0x97, 
0xB6, 0x9A, 0x6E, 0x63, 0x6D, 0x8F, 0xB0, 0x98, 0x93, 0x89, 0x5E, 0x4F, 0x6A, 0x81, 0xA5, 0x8A, 
0x9F, 0x83, 0x73, 0x8D, 0x8C, 0x84, 0x70, 0x9E, 0x71, 0x4A, 0x67, 0x81, 0xAD, 0x9D, 0x8E, 0x51, 
0x61, 0x96, 0x97, 0xA0, 0x77, 0x91, 0x6A, 0x61, 0x69, 0x76, 0x98, 0x99, 0x96, 0x9E, 0x8A, 0x6F, 
0x5C, 0x5E, 0x92, 0xC1, 0xAB, 0x89, 0x7C, 0x94, 0x6F, 0x56, 0x3E, 0x45, 0x68, 0x99, 0xB3, 0xB3, 
0xAB, 0x83, 0x57, 0x4D, 0x61, 0x9C, 0xA8, 0xA1, 0x8C, 0x7B, 0x92, 0x7D, 0x60, 0x43, 0x4E, 0x73, 
0x90, 0xB1, 0xB7, 0xBF, 0x92, 0x69, 0x4F, 0x69, 0x98, 0xBE, 0xB1, 0x83, 0x74, 0x88, 0x75, 0x60, 
0x4F, 0x6B, 0x87, 0xA9, 0x9C, 0xA9, 0xA9, 0x93, 0x63, 0x48, 0x63, 0x63, 0x6D, 0x61, 0x61, 0x5C, 
0x67, 0x63, 0x6C, 0x72, 0x78, 0x73, 0x6A, 0x72, 0x89, 0x94, 0x8A, 0x7A, 0x7A, 0x89, 0x76, 0x8F, 
0x99, 0x95, 0x88, 0x96, 0x92, 0xA0, 0xA2, 0xA1, 0x7E, 0x7A, 0x8B, 0x8F, 0x86, 0x89, 0x8A, 0x96, 
0xA2, 0x91, 0x7B, 0x79, 0x78, 0x81, 0x85, 0x93, 0x90, 0x89, 0x79, 0x69, 0x66, 0x70, 0x7B, 0x82, 
0x7D, 0x82, 0x87, 0x8E, 0x82, 0x6E, 0x6A, 0x78, 0x77, 0x7C, 0x76, 0x73, 0x73, 0x7E, 0x7F, 0x7F, 
0x80, 0x7E, 0x85, 0x80, 0x81, 0x7E, 0x86, 0x84, 0x82, 0x7D, 0x7C, 0x81, 0x81, 0x81, 0x7E, 0x7F, 
0x83, 0x82, 0x82, 0x7D, 0x81, 0x81, 0x83, 0x7D, 0x84, 0x84, 0x82, 0x81, 0x7D, 0x80, 0x81, 0x81, 
0x7E, 0x81, 0x83, 0x82, 0x7E, 0x7B, 0x7F, 0x81, 0x83, 0x7F, 0x82, 0x82, 0x82, 0x86, 0x7F, 0x7E, 
0x7E, 0x7F, 0x7D, 0x7C, 0x80, 0x82, 0x81, 0x7F, 0x7D, 0x7E, 0x7C, 0x7D, 0x81, 0x7F, 0x80, 0x80, 
0x80, 0x7F, 0x7D, 0x7B, 0x7A, 0x7E, 0x7F, 0x81, 0x81, 0x80, 0x82, 0x81, 0x7F, 0x7E, 0x7F, 0x82, 
0x81, 0x7F, 0x80, 0x81, 0x82, 0x81, 0x81, 0x80, 0x81, 0x80, 0x81, 0x82, 0x81, 0x81, 0x82, 0x81, 
0x80, 0x81, 0x80, 0x7F, 0x81, 0x80, 0x80, 0x80, 0x80, 0x80, 0x7F, 0x80, 0x80, 0x80, 0x80, 0x80, 
0x80, 0x80, 0x80, 0x80, 0x81, 0x81, 0x80, 0x80, 0x81, 0x80, 0x80, 0x80, 0x80, 0x80, 0x80, 0x80, 
0x80, 0x80, 0x80, 0x80, 0x81, 0x80, 0x80, 0x80, 0x80, 0x80, 0x80, 0x80, 0x80, 0x80, 0x80, 0x80, 
0x80, 0x80, 0x80, 0x80, 0x80, 0x80, 0x81, 0x80, 0x80, 0x80, 0x80, 0x80, 0x80, 0x80, 0x80, 0x80, 
0x80, 0x80, 0x80, 0x80, 0x80, 0x80, 0x80, 0x80, 0x80, 0x80, 0x80, 0x80, 0x80, 0x80, 0x80, 0x80, 
0x80, 0x80, 0x80, 0x80, 0x80, 0x80, 0x80, 0x80, 0x80, 0x80, 0x80, 0x80, 0x80, 0x80, 0x80, 0x80, 
0x80, 0x80, 0x80, 0x80, 0x80, 0x80, 0x80, 0x80, 0x80, 0x80, 0x80, 0x80, 0x80, 0x80, 0x80, 0x80, 
0x80, 0x80, 0x80, 0x80, 0x80, 0x80, 0x80, 0x80, 0x80, 0x80, 0x80, 0x80, 0x80, 0x80, 0x80, 0x80, 
0x80, 0x80, 0x80, 0x80, 0x80, 0x80, 0x80, 0x80, 0x80, 0x80, 0x80, 0x80, 0x80, 0x80, 0x80, 0x80, 
0x80, 0x80, 0x80, 0x80, 0x80, 0x80, 0x80, 0x80, 0x80, 0x80, 0x80, 0x80, 0x80, 0x80, 0x80, 0x80, 
0x80, 0x80, 0x80, 0x80, 0x80, 0x80, 0x80, 0x80, 0x80, 0x80, 0x80, 0x80, 0x80, 0x80, 0x80, 0x80, 
0x80, 0x80, 0x80, 0x80, 0x80, 0x80, 0x80, 0x80, 0x80, 0x80, 0x80, 0x80, 0x80, 0x80, 0x80, 0x80, 
0x80, 0x80, 0x80, 0x80, 0x80, 0x80, 0x80, 0x80, 0x80, 0x80, 0x80, 0x80, 0x80, 0x80, 0x80, 0x80, 
0x80, 0x80, 0x80, 0x80, 0x80, 0x80, 0x80, 0x80, 0x80, 0x80, 0x80, 0x80, 0x81, 0x81, 0x80, 0x80, 
0x80, 0x80, 0x80, 0x7F, 0x80, 0x81, 0x81, 0x81, 0x81, 0x80, 0x7F, 0x7F, 0x80, 0x80, 0x80, 0x80, 
0x80, 0x80, 0x81, 0x86, 0x89, 0x84, 0x85, 0x84, 0x8B, 0x9C, 0xB4, 0xC6, 0xC8, 0xC3, 0xAC, 0x8D, 
0xAD, 0x9F, 0x84, 0x6A, 0x59, 0x57, 0x61, 0x7D
};

#define AUDIO_POWER_PELLET_LEN 2000U
static const u8 AUDIO_POWER_PELLET[] = {
0x81, 0x80, 0x7F, 0x80, 0x81, 0x80, 0x80, 0x80, 0x80, 0x7D, 0x83, 0x80, 0x7F, 0x83, 0x7F, 0x81, 
0x83, 0x7E, 0x81, 0x81, 0x7E, 0x80, 0x80, 0x7E, 0x80, 0x80, 0x7F, 0x81, 0x80, 0x7F, 0x81, 0x7F, 
0x80, 0x84, 0x7E, 0x81, 0x83, 0x7D, 0x80, 0x81, 0x7E, 0x81, 0x80, 0x7D, 0x82, 0x7F, 0x7F, 0x82, 
0x80, 0x80, 0x81, 0x80, 0x80, 0x81, 0x7C, 0x80, 0x83, 0x7C, 0x81, 0x7F, 0x7D, 0x83, 0x7F, 0x7D, 
0x83, 0x80, 0x7F, 0x82, 0x80, 0x80, 0x82, 0x7F, 0x81, 0x81, 0x7F, 0x80, 0x7F, 0x80, 0x81, 0x7D, 
0x85, 0x7E, 0x81, 0x80, 0x80, 0x82, 0x7D, 0x84, 0x7F, 0x81, 0x80, 0x80, 0x81, 0x7F, 0x81, 0x7E, 
0x80, 0x80, 0x7C, 0x86, 0x7B, 0x82, 0x80, 0x80, 0x81, 0x7D, 0x83, 0x7F, 0x81, 0x7F, 0x81, 0x81, 
0x7F, 0x81, 0x7E, 0x81, 0x80, 0x7E, 0x85, 0x7C, 0x82, 0x80, 0x80, 0x80, 0x7E, 0x83, 0x7E, 0x81, 
0x80, 0x7F, 0x81, 0x80, 0x80, 0x7D, 0x81, 0x80, 0x7F, 0x84, 0x7C, 0x83, 0x7F, 0x81, 0x7F, 0x82, 
0x80, 0x80, 0x80, 0x81, 0x7F, 0x81, 0x7F, 0x81, 0x7F, 0x81, 0x7F, 0x80, 0x80, 0x7F, 0x80, 0x80, 
0x7F, 0x81, 0x80, 0x80, 0x80, 0x81, 0x7F, 0x7F, 0x82, 0x7F, 0x81, 0x7F, 0x82, 0x7E, 0x83, 0x7E, 
0x82, 0x7E, 0x82, 0x7E, 0x81, 0x7F, 0x80, 0x7A, 0x86, 0x7B, 0x86, 0x7B, 0x85, 0x7B, 0x85, 0x7C, 
0x83, 0x7F, 0x81, 0x7E, 0x82, 0x80, 0x80, 0x7C, 0x83, 0x7D, 0x83, 0x7E, 0x83, 0x7F, 0x83, 0x7D, 
0x83, 0x7E, 0x80, 0x80, 0x80, 0x80, 0x7C, 0x85, 0x7A, 0x85, 0x7F, 0x80, 0x81, 0x7F, 0x82, 0x7E, 
0x82, 0x7F, 0x80, 0x81, 0x7F, 0x81, 0x7D, 0x86, 0x7A, 0x85, 0x7F, 0x81, 0x81, 0x7F, 0x82, 0x7E, 
0x82, 0x7F, 0x7E, 0x80, 0x7F, 0x82, 0x7D, 0x85, 0x7B, 0x83, 0x81, 0x80, 0x82, 0x80, 0x82, 0x7F, 
0x82, 0x79, 0x83, 0x7F, 0x7E, 0x82, 0x7F, 0x86, 0x7D, 0x82, 0x80, 0x7F, 0x82, 0x7F, 0x81, 0x79, 
0x81, 0x81, 0x86, 0x89, 0x88, 0x89, 0x7F, 0x80, 0x7F, 0x7C, 0x7A, 0x79, 0x7A, 0x80, 0x81, 0x82, 
0x81, 0x88, 0x87, 0x88, 0x7F, 0x7F, 0x7F, 0x7F, 0x79, 0x7B, 0x79, 0x81, 0x80, 0x81, 0x81, 0x86, 
0x87, 0x85, 0x82, 0x7F, 0x7F, 0x7F, 0x7B, 0x7B, 0x7A, 0x7C, 0x80, 0x80, 0x80, 0x85, 0x86, 0x86, 
0x85, 0x81, 0x7F, 0x80, 0x7C, 0x7B, 0x7B, 0x7C, 0x81, 0x7F, 0x81, 0x84, 0x85, 0x84, 0x84, 0x81, 
0x7F, 0x7F, 0x7E, 0x7D, 0x7F, 0x80, 0x83, 0x81, 0x7F, 0x7C, 0x7D, 0x82, 0x80, 0x82, 0x82, 0x7F, 
0x7E, 0x7D, 0x80, 0x80, 0x81, 0x82, 0x7F, 0x7B, 0x77, 0x81, 0x81, 0x8A, 0x8A, 0x7F, 0x80, 0x78, 
0x7D, 0x7F, 0x88, 0x88, 0x81, 0x7F, 0x78, 0x7C, 0x80, 0x88, 0x87, 0x80, 0x7F, 0x7B, 0x7B, 0x80, 
0x86, 0x86, 0x7E, 0x7F, 0x7C, 0x7C, 0x82, 0x82, 0x83, 0x7F, 0x81, 0x7D, 0x7D, 0x80, 0x81, 0x84, 
0x80, 0x7F, 0x7E, 0x7F, 0x80, 0x81, 0x80, 0x7E, 0x7E, 0x82, 0x82, 0x7F, 0x75, 0x7F, 0x83, 0x89, 
0x7D, 0x77, 0x81, 0x88, 0x85, 0x80, 0x79, 0x81, 0x86, 0x7F, 0x7B, 0x79, 0x80, 0x86, 0x7E, 0x7B, 
0x80, 0x80, 0x86, 0x7D, 0x7B, 0x82, 0x83, 0x82, 0x7F, 0x7E, 0x81, 0x82, 0x7F, 0x7E, 0x7F, 0x80, 
0x82, 0x80, 0x74, 0x80, 0x84, 0x8D, 0x7E, 0x78, 0x81, 0x88, 0x84, 0x80, 0x75, 0x81, 0x89, 0x7E, 
0x79, 0x7C, 0x80, 0x85, 0x81, 0x7A, 0x82, 0x84, 0x80, 0x7A, 0x81, 0x83, 0x7F, 0x80, 0x84, 0x7E, 
0x7D, 0x80, 0x82, 0x7C, 0x7C, 0x8B, 0x7E, 0x75, 0x7F, 0x8C, 0x7E, 0x7A, 0x86, 0x7F, 0x78, 0x82, 
0x87, 0x82, 0x7A, 0x82, 0x83, 0x7C, 0x82, 0x85, 0x7F, 0x7D, 0x82, 0x81, 0x7E, 0x82, 0x80, 0x7F, 
0x76, 0x7F, 0x8A, 0x7E, 0x7C, 0x89, 0x80, 0x76, 0x82, 0x88, 0x7E, 0x78, 0x86, 0x80, 0x79, 0x82, 
0x87, 0x7E, 0x7C, 0x81, 0x81, 0x7C, 0x82, 0x83, 0x80, 0x81, 0x82, 0x7B, 0x84, 0x8D, 0x76, 0x81, 
0x85, 0x76, 0x81, 0x7E, 0x76, 0x85, 0x7D, 0x79, 0x88, 0x81, 0x7E, 0x83, 0x80, 0x80, 0x82, 0x81, 
0x80, 0x82, 0x76, 0x7F, 0x84, 0x73, 0x85, 0x7E, 0x79, 0x89, 0x80, 0x79, 0x8A, 0x7E, 0x7E, 0x88, 
0x7C, 0x82, 0x86, 0x7B, 0x82, 0x82, 0x7D, 0x80, 0x81, 0x71, 0x89, 0x7E, 0x75, 0x8D, 0x7E, 0x7F, 
0x89, 0x7C, 0x83, 0x86, 0x7C, 0x81, 0x84, 0x7A, 0x80, 0x81, 0x7D, 0x82, 0x7F, 0x80, 0x7F, 0x7F, 
0x8C, 0x72, 0x8A, 0x7D, 0x83, 0x7F, 0x7C, 0x88, 0x77, 0x84, 0x7C, 0x81, 0x81, 0x7A, 0x86, 0x7D, 
0x82, 0x7E, 0x80, 0x8A, 0x71, 0x8C, 0x7E, 0x83, 0x7F, 0x7D, 0x8A, 0x77, 0x85, 0x7E, 0x83, 0x80, 
0x7E, 0x83, 0x81, 0x7D, 0x80, 0x80, 0x89, 0x71, 0x8D, 0x7C, 0x80, 0x81, 0x7C, 0x88, 0x78, 0x85, 
0x7F, 0x81, 0x7F, 0x7D, 0x85, 0x7F, 0x80, 0x7D, 0x82, 0x87, 0x72, 0x8E, 0x77, 0x88, 0x78, 0x88, 
0x7B, 0x84, 0x7B, 0x85, 0x7D, 0x81, 0x80, 0x82, 0x7C, 0x85, 0x7F, 0x81, 0x7D, 0x84, 0x7C, 0x83, 
0x7F, 0x81, 0x7F, 0x82, 0x7D, 0x82, 0x80, 0x80, 0x7F, 0x83, 0x80, 0x7F, 0x82, 0x7F, 0x7F, 0x80, 
0x81, 0x7F, 0x7F, 0x81, 0x82, 0x7D, 0x82, 0x7E, 0x83, 0x72, 0x8E, 0x75, 0x8C, 0x74, 0x8B, 0x78, 
0x8B, 0x78, 0x88, 0x7C, 0x86, 0x7E, 0x83, 0x80, 0x80, 0x73, 0x8D, 0x73, 0x8D, 0x74, 0x8D, 0x75, 
0x89, 0x7E, 0x7D, 0x84, 0x7A, 0x85, 0x7C, 0x85, 0x73, 0x86, 0x80, 0x7F, 0x81, 0x7D, 0x88, 0x78, 
0x85, 0x80, 0x81, 0x7F, 0x7F, 0x82, 0x71, 0x91, 0x75, 0x84, 0x80, 0x7E, 0x84, 0x7D, 0x88, 0x77, 
0x86, 0x7E, 0x7F, 0x81, 0x7D, 0x88, 0x71, 0x91, 0x75, 0x85, 0x81, 0x81, 0x80, 0x7E, 0x85, 0x7D, 
0x82, 0x80, 0x7E, 0x81, 0x7E, 0x86, 0x78, 0x8E, 0x7A, 0x85, 0x81, 0x80, 0x82, 0x7D, 0x85, 0x7D, 
0x83, 0x80, 0x82, 0x83, 0x83, 0x7F, 0x7F, 0x7C, 0x7A, 0x6B, 0x6E, 0x6F, 0x7F, 0x84, 0x80, 0x86, 
0x90, 0x96, 0x8F, 0x7F, 0x80, 0x7F, 0x7D, 0x72, 0x71, 0x71, 0x7F, 0x80, 0x7F, 0x81, 0x91, 0x8E, 
0x8F, 0x86, 0x7F, 0x81, 0x7F, 0x73, 0x72, 0x74, 0x77, 0x80, 0x81, 0x84, 0x8B, 0x8E, 0x8F, 0x8D, 
0x7E, 0x7D, 0x80, 0x74, 0x77, 0x75, 0x75, 0x80, 0x81, 0x82, 0x89, 0x8C, 0x8A, 0x8A, 0x80, 0x7E, 
0x7F, 0x7B, 0x77, 0x7E, 0x81, 0x88, 0x87, 0x7F, 0x80, 0x7C, 0x7A, 0x80, 0x84, 0x86, 0x7E, 0x7F, 
0x7D, 0x79, 0x80, 0x83, 0x82, 0x81, 0x7F, 0x7D, 0x83, 0x80, 0x80, 0x80, 0x80, 0x7F, 0x6C, 0x6E, 
0x80, 0x80, 0x91, 0x89, 0x81, 0x70, 0x74, 0x82, 0x81, 0x91, 0x90, 0x7C, 0x75, 0x76, 0x81, 0x7F, 
0x8B, 0x8F, 0x7E, 0x7C, 0x76, 0x81, 0x80, 0x8C, 0x8E, 0x80, 0x7F, 0x77, 0x7F, 0x81, 0x8A, 0x88, 
0x7F, 0x7A, 0x7C, 0x80, 0x82, 0x84, 0x7B, 0x7E, 0x7F, 0x82, 0x81, 0x7F, 0x7F, 0x81, 0x81, 0x80, 
0x7F, 0x6A, 0x83, 0x94, 0x7E, 0x74, 0x74, 0x80, 0x90, 0x6D, 0x6C, 0x84, 0x82, 0x96, 0x91, 0x7F, 
0x74, 0x6C, 0x84, 0x91, 0x7C, 0x6F, 0x79, 0x81, 0x94, 0x7D, 0x6F, 0x85, 0x8B, 0x8A, 0x7D, 0x75, 
0x84, 0x8A, 0x80, 0x7D, 0x7A, 0x81, 0x89, 0x7D, 0x7B, 0x80, 0x83, 0x84, 0x7D, 0x7F, 0x82, 0x7E, 
0x81, 0x82, 0x6E, 0x81, 0x95, 0x7D, 0x78, 0x70, 0x83, 0x90, 0x7D, 0x70, 0x7E, 0x83, 0x90, 0x7C, 
0x75, 0x83, 0x89, 0x88, 0x81, 0x76, 0x80, 0x88, 0x7F, 0x7E, 0x75, 0x7E, 0x8E, 0x7D, 0x7D, 0x81, 
0x83, 0x86, 0x80, 0x7C, 0x80, 0x80, 0x75, 0x82, 0x95, 0x7B, 0x6F, 0x84, 0x90, 0x79, 0x7B, 0x8E, 
0x7E, 0x77, 0x83, 0x8C, 0x81, 0x78, 0x85, 0x7D, 0x77, 0x84, 0x87, 0x7B, 0x7D, 0x84, 0x82, 0x7F, 
0x83, 0x81, 0x80, 0x6B, 0x82, 0x8F, 0x75, 0x7F, 0x95, 0x7E, 0x6F, 0x83, 0x8F, 0x78, 0x7C, 0x8D, 
0x7E, 0x75, 0x84, 0x8C, 0x7D, 0x79, 0x87, 0x7F, 0x7C, 0x81, 0x83, 0x84, 0x7D, 0x83, 0x83, 0x69, 
0x83, 0x94, 0x7E, 0x6F, 0x80, 0x84, 0x6E, 0x88, 0x78, 0x73, 0x8E, 0x7F, 0x7D, 0x8A, 0x7F, 0x84, 
0x88, 0x7F, 0x83, 0x86, 0x7D, 0x83, 0x7B, 0x6A, 0x85, 0x7B, 0x6C, 0x8D, 0x7A, 0x6D, 0x91, 0x7F, 
0x7E, 0x91, 0x79, 0x85, 0x8F, 0x76, 0x83, 0x87, 0x7A, 0x83, 0x7F, 0x7E, 0x83, 0x7D, 0x6D, 0x93, 
0x7D, 0x76, 0x92, 0x7F, 0x7F, 0x90, 0x79, 0x7F, 0x8E, 0x77, 0x7F, 0x82, 0x7E, 0x81, 0x7F, 0x7B, 
0x84, 0x80, 0x7E, 0x83, 0x7C, 0x7D, 0x97, 0x75, 0x89, 0x7E, 0x7F, 0x8D, 0x70, 0x8D, 0x80, 0x84, 
0x80, 0x7D, 0x88, 0x78, 0x83, 0x80, 0x84, 0x7B, 0x6E, 0x9A, 0x72, 0x85, 0x7D, 0x85, 0x89, 0x71, 
0x8D, 0x7A, 0x7F, 0x7F, 0x7B, 0x88, 0x79, 0x84, 0x82, 0x80, 0x7D, 0x6F, 0x9B, 0x6C, 0x86, 0x7F, 
0x84, 0x85, 0x74, 0x8B, 0x7D, 0x7F, 0x7E, 0x80, 0x89, 0x78, 0x84, 0x7E, 0x83, 0x7B, 0x74, 0x9C, 
0x6A, 0x8A, 0x7D, 0x87, 0x80, 0x73, 0x8C, 0x77, 0x85, 0x7C, 0x7F, 0x81, 0x7D, 0x83, 0x7A, 0x85, 
0x7F, 0x81, 0x82, 0x7F, 0x83, 0x7E, 0x82, 0x7B, 0x83, 0x81, 0x80, 0x81, 0x7F, 0x82, 0x81, 0x7F, 
0x73, 0x8E, 0x75, 0x8D, 0x70, 0x90, 0x72, 0x92, 0x74, 0x8D, 0x79, 0x8B, 0x77, 0x88, 0x7D, 0x86, 
0x61, 0x9C, 0x67, 0x99, 0x6B, 0x92, 0x73, 0x89, 0x76, 0x8A, 0x7A, 0x83, 0x7E, 0x81, 0x7F, 0x83, 
0x75, 0x84, 0x7F, 0x84, 0x77, 0x8B, 0x79, 0x85, 0x7D, 0x86, 0x79, 0x88, 0x7B, 0x86, 0x80, 0x82, 
0x7A, 0x78, 0x88, 0x77, 0x8C, 0x6E, 0x90, 0x77, 0x82, 0x81, 0x7F, 0x84, 0x7D, 0x83, 0x62, 0x94, 
0x79, 0x80, 0x86, 0x7A, 0x89, 0x77, 0x8B, 0x7C, 0x84, 0x7E, 0x7F, 0x81, 0x72, 0x9A, 0x66, 0x92, 
0x7D, 0x81, 0x82, 0x7C, 0x88, 0x76, 0x8C, 0x79, 0x81, 0x80, 0x80, 0x83, 0x77, 0x94, 0x6C, 0x8C, 
0x7C, 0x7F, 0x81, 0x82, 0x82, 0x78, 0x8A, 0x7F, 0x79, 0x84, 0x80, 0x88, 0x71, 0x73, 0x83, 0x83, 
0x87, 0x91, 0x96, 0x93, 0x92, 0x7E, 0x7B, 0x80, 0x70, 0x6F, 0x70, 0x71, 0x81, 0x84, 0x82, 0x8C, 
0x90, 0x8F, 0x93, 0x80, 0x7D, 0x7E, 0x79, 0x70, 0x76, 0x72, 0x85, 0x80, 0x84, 0x81, 0x92, 0x8B, 
0x8E, 0x80, 0x7C, 0x82, 0x7B, 0x78, 0x74, 0x75, 0x82, 0x81, 0x81, 0x83, 0x89, 0x8A, 0x8A, 0x81, 
0x7E, 0x7F, 0x7D, 0x7B, 0x7D, 0x7B, 0x7A, 0x84, 0x83, 0x7F, 0x88, 0x85, 0x85, 0x84, 0x80, 0x7F, 
0x7F, 0x7E, 0x83, 0x7F, 0x7F, 0x7A, 0x7D, 0x63, 0x69, 0x84, 0x82, 0x9C, 0x86, 0x7E, 0x68, 0x69, 
0x82, 0x81, 0x94, 0x8F, 0x7D, 0x6A, 0x6E, 0x81, 0x80, 0x97, 0x92, 0x7E, 0x71, 0x6B, 0x83, 0x7F, 
0x94, 0x93, 0x7D, 0x7B, 0x70, 0x80, 0x82, 0x8F, 0x8F, 0x7E, 0x7E, 0x78, 0x7E, 0x7D, 0x8B, 0x87, 
0x80, 0x7C, 0x76, 0x7D, 0x80, 0x86, 0x86, 0x7C, 0x82, 0x7D, 0x7C, 0x84, 0x7F, 0x82, 0x7F, 0x7C, 
0x61, 0x79, 0x87, 0x9D, 0x7B, 0x68, 0x84, 0x96, 0x92, 0x80, 0x6A, 0x85, 0x91, 0x7D, 0x76, 0x70, 
0x82, 0x91, 0x7C, 0x6F, 0x81, 0x85, 0x8B, 0x7D, 0x77, 0x86, 0x88, 0x85, 0x79, 0x7E, 0x82, 0x80, 
0x80, 0x7F, 0x81, 0x7D, 0x83, 0x83, 0x63, 0x7D, 0x8D, 0x9C, 0x78, 0x69, 0x82, 0x99, 0x8E, 0x81, 
0x68, 0x7D, 0x92, 0x7F, 0x6F, 0x72, 0x85, 0x95, 0x82, 0x73, 0x86, 0x87, 0x8E, 0x7C, 0x77, 0x87, 
0x87, 0x82, 0x7D, 0x7E, 0x85, 0x80, 0x7F, 0x81, 0x85, 0x80, 0x64, 0x8C, 0x8D, 0x67, 0x84, 0x97, 
0x82, 0x6A, 0x84, 0x8F, 0x70, 0x83, 0x94, 0x7D, 0x73, 0x82, 0x8F, 0x7F, 0x7F, 0x89, 0x7E, 0x7C, 
0x83, 0x85, 0x7F, 0x7D, 0x81, 0x7E, 0x62, 0x82, 0x9A, 0x80, 0x6A, 0x8B, 0x85, 0x69, 0x86, 0x96, 
0x7C, 0x6A, 0x81, 0x8C, 0x77, 0x83, 0x92, 0x7D, 0x77, 0x84, 0x8B, 0x76, 0x80, 0x88, 0x76, 0x7F, 
0x84, 0x82, 0x79, 0x6C, 0x93, 0x7C, 0x69, 0x97, 0x81, 0x78, 0x93, 0x82, 0x85, 0x92, 0x77, 0x83, 
0x8D, 0x74, 0x82, 0x83, 0x7D, 0x81, 0x79, 0x7E, 0x86, 0x83, 0x66, 0x9D, 0x85, 0x7C, 0x9B, 0x78, 
0x83, 0x93, 0x72, 0x81, 0x8B, 0x6D, 0x86, 0x7D, 0x70, 0x8C, 0x79, 0x7B, 0x8A, 0x80, 0x80, 0x85, 
0x7A, 0x86, 0xA0, 0x6C, 0x80, 0x96, 0x6C, 0x82, 0x84, 0x6D, 0x87, 0x7C, 0x73, 0x90, 0x79, 0x79, 
0x8A, 0x7D, 0x7F, 0x84, 0x81, 0x82, 0x87, 0x60, 0x90, 0x7B, 0x85, 0x82, 0x71, 0x98, 0x72, 0x86, 
0x7D, 0x7F, 0x88, 0x76, 0x8B, 0x7B, 0x7F, 0x81, 0x7F, 0x84, 0x62, 0x96, 0x78, 0x85, 0x7F, 0x73, 
0x98, 0x70, 0x86, 0x7C, 0x84, 0x81, 0x75, 0x90, 0x78, 0x84, 0x82, 0x7F, 0x82, 0x5B, 0x97, 0x7A, 
0x80, 0x7D, 0x77, 0x98, 0x71, 0x8A, 0x7C, 0x7F, 0x89, 0x77, 0x89, 0x7C, 0x85, 0x7C, 0x84, 0x7F, 
0x63, 0x97, 0x78, 0x83, 0x82, 0x76, 0x95, 0x70, 0x8A, 0x79, 0x8B, 0x79, 0x85, 0x7F, 0x87, 0x7F, 
0x80, 0x7F, 0x7E, 0x7F, 0x88, 0x7A, 0x87, 0x7F, 0x85, 0x7B, 0x84, 0x7B, 0x86, 0x7A, 0x82, 0x80, 
0x7C, 0x80, 0x7E, 0x80, 0x79, 0x89, 0x7B, 0x87, 0x79, 0x8C, 0x76, 0x8A, 0x76, 0x8A, 0x7B, 0x83, 
0x80, 0x81, 0x62, 0x9E, 0x62, 0xA0, 0x63, 0x9C, 0x6D, 0x92, 0x6F, 0x8E, 0x79, 0x88, 0x78, 0x8C, 
0x78, 0x82, 0x65, 0x9C, 0x6D, 0x8F, 0x73, 0x91, 0x79, 0x88, 0x79, 0x8B, 0x74, 0x8F, 0x78, 0x7B, 
0x82, 0x83, 0x86, 0x70, 0x9C, 0x65, 0x91, 0x7A, 0x7D, 0x84, 0x7C, 0x8E, 0x78, 0x88, 0x80, 0x7E, 
0x7B, 0x80, 0x85, 0x71, 0x9A, 0x67, 0x90, 0x76, 0x81, 0x7F, 0x7F, 0x8B, 0x7B, 0x82, 0x6C, 0x88, 
0x84, 0x78, 0x84, 0x73, 0x93, 0x70, 0x8C, 0x80, 0x7D, 0x81, 0x79, 0x81, 0x5E, 0xAA, 0x67, 0x8A, 
0x7F, 0x7E, 0x87, 0x73, 0x8C, 0x77, 0x87, 0x80, 0x7A, 0x87, 0x75, 0x96, 0x5D, 0x85, 0x80, 0x86, 
0x9D, 0x9F, 0x9A, 0xA3, 0x77, 0x7F, 0x7A, 0x6D, 0x65, 0x68, 0x63, 0x81, 0x83, 0x81, 0x93, 0x97, 
0x99, 0x95, 0x81, 0x7B, 0x7D, 0x76, 0x6A, 0x6B, 0x66, 0x84, 0x83, 0x82, 0x83, 0x97, 0x94, 0x97, 
0x7C, 0x7A, 0x80, 0x7F, 0x6E, 0x71, 0x6D, 0x7F, 0x81, 0x86, 0x84, 0x91, 0x92, 0x90, 0x83, 0x7F, 
0x7A, 0x7C, 0x75, 0x76, 0x74, 0x77, 0x80, 0x83, 0x84, 0x8F, 0x90, 0x8A, 0x8A, 0x7B, 0x7C, 0x7B, 
0x76, 0x80, 0x81, 0x87, 0x86, 0x7F, 0x7E, 0x7D, 0x7F, 0x85, 0x84, 0x80, 0x80, 0x7D, 0x5E, 0x6F, 
0x81, 0xA2, 0xA3, 0x7D, 0x80, 0x60, 0x66, 0x80, 0x97, 0x9D, 0x7B, 0x7D, 0x65, 0x63, 0x83, 0x8D, 
0x9D, 0x7D, 0x7B, 0x6B, 0x6A, 0x7A, 0x84, 0x95, 0x84, 0x7B, 0x70, 0x70, 0x80, 0x7F, 0x91, 0x89

};

#endif /* PACMAN_AUDIO_H */
